"","n","a1","a2","a3","a4","a5","a6","b1","dsa","dsb"
"1",3001,10,11,12,13,26,28,11,0,0
"2",3002,4,9,19,20,21,26,12,-1,1
"3",3003,1,7,10,23,28,32,16,2,4
"4",3004,4,6,7,10,13,25,3,-36,-13
"5",3005,4,6,15,17,30,31,16,38,13
"6",3006,1,3,10,21,26,27,6,-15,-10
"7",3007,1,9,19,21,23,26,7,11,1
"8",3008,5,8,9,14,17,23,8,-23,1
"9",3009,5,9,18,20,22,30,9,28,1
"10",3010,5,9,18,20,22,30,9,0,0
"11",3011,4,5,11,12,30,32,15,-10,6
"12",3012,2,12,16,17,27,30,12,10,-3
"13",3013,8,13,17,21,23,32,12,10,0
"14",3014,8,13,17,21,23,32,12,0,0
"15",3015,4,11,19,25,26,32,13,3,1
"16",3016,11,17,28,30,31,33,6,33,-7
"17",3017,5,8,18,23,25,31,6,-40,0
"18",3018,5,16,19,20,25,28,13,3,7
"19",3019,4,8,12,13,16,33,9,-27,-4
"20",3020,7,10,25,26,27,32,4,41,-5
"21",3021,14,15,18,25,26,30,1,1,-3
"22",3022,2,7,11,12,14,32,8,-50,7
"23",3023,1,10,20,22,26,31,2,32,-6
"24",3024,2,7,15,17,22,30,14,-17,12
"25",3025,1,5,11,13,14,27,12,-22,-2
"26",3026,8,13,15,26,29,31,16,51,4
"27",3027,1,11,14,17,27,28,15,-24,-1
"28",3028,6,13,16,20,28,32,7,17,-8
"29",3029,2,7,15,26,29,32,10,-4,3
"30",3030,2,6,13,14,23,27,7,-26,-3
"31",3031,11,17,20,22,28,32,1,45,-6
"32",3032,4,11,25,27,29,30,13,-4,12
"33",3033,1,7,14,20,27,30,10,-27,-3
"34",3034,8,13,14,16,23,25,14,0,4
"35",3035,3,4,5,8,10,11,8,-58,-6
"36",3036,7,21,24,25,27,28,15,91,7
"37",3037,9,14,17,18,26,32,7,-16,-8
"38",3038,5,7,8,24,25,27,16,-20,9
"39",3039,3,5,23,24,27,32,3,18,-13
"40",3040,4,5,6,12,14,23,16,-50,13
"41",3041,2,3,17,18,24,25,11,25,-5
"42",3042,3,5,7,10,15,20,7,-29,-4
"43",3043,2,8,10,19,20,32,13,31,6
"44",3044,2,5,9,16,32,33,15,6,2
"45",3045,3,7,14,15,17,32,3,-9,-12
"46",3046,7,8,10,11,17,26,11,-9,8
"47",3047,3,17,26,28,32,33,16,60,5
"48",3048,10,12,20,28,30,31,9,-8,-7
"49",3049,3,6,7,13,24,25,15,-53,6
"50",3050,2,8,17,23,24,26,13,22,-2
"51",3051,4,13,15,17,24,27,1,0,-12
"52",3052,1,12,13,23,30,31,11,10,10
"53",3053,15,19,20,21,28,29,13,22,2
"54",3054,2,5,9,21,31,33,12,-31,-1
"55",3055,6,13,16,21,28,31,16,14,4
"56",3056,8,17,21,26,28,29,7,14,-9
"57",3057,18,19,24,25,30,31,16,18,9
"58",3058,9,11,16,28,32,33,2,-18,-14
"59",3059,2,3,5,6,18,30,4,-65,2
"60",3060,2,4,6,17,21,28,11,14,7
"61",3061,3,5,20,21,28,32,2,31,-9
"62",3062,1,6,12,19,20,32,14,-19,12
"63",3063,5,8,9,14,21,33,11,0,-3
"64",3064,4,6,8,12,15,30,1,-15,-10
"65",3065,6,15,16,17,30,33,11,42,10
"66",3066,3,7,8,20,24,32,14,-23,3
"67",3067,5,11,12,13,27,31,10,5,-4
"68",3068,9,19,25,27,32,33,11,46,1
"69",3069,7,11,16,19,26,28,11,-38,0
"70",3070,1,2,4,17,18,19,8,-46,-3
"71",3071,9,11,12,14,15,33,11,33,3
"72",3072,3,6,8,11,19,27,11,-20,0
"73",3073,2,12,14,21,23,30,13,28,2
"74",3074,2,12,19,22,27,32,1,12,-12
"75",3075,16,17,19,22,31,33,11,24,10
"76",3076,1,13,16,18,20,29,2,-41,-9
"77",3077,4,12,16,22,24,25,6,6,4
"78",3078,7,12,23,26,29,30,11,24,5
"79",3079,12,15,22,23,26,31,4,2,-7
"80",3080,9,20,24,25,28,30,10,7,6
"81",3081,1,2,14,26,29,30,7,-34,-3
"82",3082,7,17,18,19,30,31,14,20,7
"83",3083,1,3,14,18,26,28,1,-32,-13
"84",3084,2,6,7,10,17,33,3,-15,2
"85",3085,1,4,11,12,19,27,14,-1,11
"86",3086,5,12,16,18,26,30,13,33,-1
"87",3087,2,3,4,5,24,28,13,-41,0
"88",3088,3,10,21,22,24,33,12,47,-1
"89",3089,18,19,21,26,27,33,16,31,4
"90",4001,1,2,3,7,10,25,7,-96,-9
"91",4002,10,12,18,22,30,31,11,75,4
"92",4003,3,5,6,17,26,33,8,-33,-3
"93",4004,10,19,22,23,25,29,9,38,1
"94",4005,9,11,13,16,17,18,7,-44,-2
"95",4006,4,12,18,20,23,32,6,25,-1
"96",4007,4,12,17,20,25,28,9,-3,3
"97",4008,1,7,10,22,32,33,13,-1,4
"98",4009,1,9,10,16,22,24,11,-23,-2
"99",4010,6,7,8,13,14,19,15,-15,4
"100",4011,1,4,13,23,28,30,3,32,-12
"101",4012,1,7,27,30,31,33,8,30,5
"102",4013,12,14,21,29,30,32,13,9,5
"103",4014,3,7,11,17,20,26,12,-54,-1
"104",4015,1,3,5,18,22,23,13,-12,1
"105",4016,4,7,8,28,30,32,5,37,-8
"106",4017,5,12,14,15,25,31,9,-7,4
"107",4018,2,5,6,8,28,30,6,-23,-3
"108",4019,5,10,11,23,24,32,4,26,-2
"109",4020,1,2,9,22,28,31,4,-12,0
"110",4021,5,9,11,17,26,27,10,2,6
"111",4022,3,10,14,19,20,30,6,1,-4
"112",4023,1,8,14,17,19,30,3,-7,-3
"113",4024,1,13,21,23,25,32,6,26,3
"114",4026,4,10,14,18,28,32,15,-9,9
"115",4027,1,5,9,10,18,32,11,-31,-4
"116",4028,1,2,3,5,10,22,12,-32,1
"117",4029,9,13,20,22,24,32,5,77,-7
"118",4030,1,7,9,17,26,31,5,-29,0
"119",4031,3,6,19,20,21,24,11,2,6
"120",4032,2,5,8,11,15,31,13,-21,2
"121",4033,1,4,8,9,19,20,1,-11,-12
"122",4034,2,7,13,20,27,30,14,38,13
"123",4035,2,8,26,27,30,32,16,26,2
"124",4036,2,13,17,18,26,30,1,-19,-15
"125",4037,3,4,11,17,20,26,5,-25,4
"126",4038,11,16,17,25,28,29,7,45,2
"127",4039,10,16,18,25,26,29,3,-2,-4
"128",4040,7,17,19,20,21,29,11,-11,8
"129",4041,8,10,17,22,25,29,14,-2,3
"130",4042,6,10,13,17,18,21,2,-26,-12
"131",4043,4,9,10,21,22,24,10,5,8
"132",4044,2,6,7,12,31,32,5,0,-5
"133",4045,1,12,18,26,27,28,13,22,8
"134",4046,7,15,16,22,23,32,14,3,1
"135",4047,1,7,8,11,27,31,6,-30,-8
"136",4048,8,9,11,16,17,29,9,5,3
"137",4049,11,12,14,16,25,29,9,17,0
"138",4050,6,7,19,21,25,29,2,0,-7
"139",4051,2,3,9,10,15,29,11,-39,9
"140",4052,1,12,14,15,17,29,9,20,-2
"141",4053,2,3,4,9,24,25,2,-21,-7
"142",4054,9,11,14,16,27,28,11,38,9
"143",4055,6,8,19,25,29,32,7,14,-4
"144",4056,1,20,21,25,29,30,2,7,-5
"145",4057,5,21,23,25,28,32,4,8,2
"146",4058,1,8,11,12,27,31,12,-44,8
"147",4059,4,7,11,19,23,26,10,0,-2
"148",4060,3,5,11,24,27,28,15,8,5
"149",4061,13,16,19,20,23,33,9,26,-6
"150",4062,1,12,25,27,28,29,13,-2,4
"151",4063,7,10,13,16,27,28,7,-21,-6
"152",4064,14,15,18,20,27,31,4,24,-3
"153",4065,13,14,27,29,32,33,8,23,4
"154",4066,5,13,20,23,24,25,3,-38,-5
"155",4067,1,6,7,13,16,32,4,-35,1
"156",4068,2,8,11,13,24,31,15,14,11
"157",4069,2,11,15,20,22,29,5,10,-10
"158",4070,10,12,21,22,30,33,6,29,1
"159",4071,3,8,16,17,21,29,6,-34,0
"160",4072,8,15,18,28,30,33,14,38,8
"161",4073,2,7,13,16,23,28,16,-43,2
"162",4074,5,6,15,19,26,29,13,11,-3
"163",4075,7,18,21,26,27,28,7,27,-6
"164",4076,3,5,13,17,25,31,7,-33,0
"165",4077,8,9,10,14,16,26,7,-11,0
"166",4078,4,5,10,21,24,26,5,7,-2
"167",4079,7,13,14,17,19,30,3,10,-2
"168",4080,3,8,20,23,24,26,16,4,13
"169",4081,3,5,21,24,27,32,6,8,-10
"170",4082,3,20,24,27,29,30,15,21,9
"171",4083,14,16,27,28,30,33,6,15,-9
"172",4084,1,4,8,11,21,25,14,-78,8
"173",4085,3,8,11,29,30,32,1,43,-13
"174",4086,10,13,18,19,25,27,1,-1,0
"175",4087,1,3,7,8,25,26,14,-42,13
"176",4088,2,10,19,22,24,32,14,39,0
"177",4089,14,17,20,25,28,30,14,25,0
"178",4090,1,18,20,24,32,33,12,-6,-2
"179",4091,9,13,14,21,30,33,1,-8,-11
"180",4092,1,4,8,13,28,31,2,-35,1
"181",4093,11,14,20,27,32,33,5,52,3
"182",4094,5,9,10,13,24,25,8,-51,3
"183",4095,19,22,27,28,30,32,1,72,-7
"184",4096,1,4,12,16,20,30,15,-75,14
"185",4097,10,19,20,26,29,31,14,52,-1
"186",4098,3,12,13,25,26,31,3,-25,-11
"187",4099,5,10,21,22,26,33,2,7,-1
"188",4100,6,8,9,14,24,33,15,-23,13
"189",4101,2,9,14,19,25,26,15,1,0
"190",4102,3,9,12,15,28,32,1,4,-14
"191",4103,2,3,5,9,16,21,2,-43,1
"192",4104,7,11,17,18,24,29,5,50,3
"193",4105,7,9,10,21,23,30,12,-6,7
"194",4106,10,15,23,26,28,29,12,31,0
"195",4107,1,8,12,13,18,20,7,-59,-5
"196",4108,8,13,14,27,28,31,12,49,5
"197",4109,6,8,10,17,30,31,14,-19,2
"198",4110,14,19,20,21,22,31,11,25,-3
"199",4111,11,16,18,20,26,31,2,-5,-9
"200",4112,9,13,15,21,26,33,6,-5,4
"201",4113,8,10,23,25,31,32,7,12,1
"202",4114,1,6,9,17,21,22,1,-53,-6
"203",4115,2,16,20,30,31,33,1,56,0
"204",4116,1,3,5,8,14,33,3,-68,2
"205",4117,1,3,7,14,24,25,7,10,4
"206",4118,3,4,7,12,30,31,15,13,8
"207",4119,6,9,18,20,25,33,6,24,-9
"208",4120,7,8,18,21,27,32,10,2,4
"209",4121,7,13,16,18,30,32,10,3,0
"210",4122,3,11,14,22,24,31,15,-11,5
"211",5001,1,7,8,23,27,28,14,-11,-1
"212",5002,6,9,20,26,28,33,14,28,0
"213",5003,9,12,15,19,22,31,16,-14,2
"214",5004,1,4,8,9,22,23,3,-41,-13
"215",5005,5,9,20,26,28,33,15,54,12
"216",5006,2,4,5,15,21,31,16,-43,1
"217",5007,7,15,17,20,23,33,15,37,-1
"218",5008,11,19,22,27,32,33,11,29,-4
"219",5009,2,17,22,27,29,31,14,-16,3
"220",5010,8,10,11,18,25,26,1,-30,-13
"221",5011,9,11,13,15,22,30,15,2,14
"222",5012,2,3,6,16,22,31,5,-20,-10
"223",5013,7,8,16,19,20,24,6,14,1
"224",5014,13,19,21,23,30,32,5,44,-1
"225",5015,4,8,9,16,17,29,15,-55,10
"226",5016,1,5,6,12,16,30,15,-13,0
"227",5017,2,6,10,25,27,31,3,31,-12
"228",5018,1,3,6,22,23,25,6,-21,3
"229",5019,6,11,12,13,19,22,8,3,2
"230",5020,14,16,19,20,25,29,5,40,-3
"231",5021,2,6,24,26,30,31,16,-4,11
"232",5022,8,10,12,21,32,33,4,-3,-12
"233",5023,10,15,19,20,21,25,12,-6,8
"234",5024,5,9,14,27,31,32,13,8,1
"235",5025,1,7,10,11,13,32,7,-44,-6
"236",5026,6,12,14,20,25,26,7,29,0
"237",5027,1,3,4,6,21,32,15,-36,8
"238",5028,4,9,22,25,26,32,10,51,-5
"239",5029,2,14,21,22,27,30,14,-2,4
"240",5030,1,5,9,14,22,28,5,-37,-9
"241",5031,4,10,16,20,23,32,7,26,2
"242",5032,5,15,19,20,25,29,3,8,-4
"243",5033,7,8,12,14,19,20,7,-33,4
"244",5034,5,17,18,25,28,32,9,45,2
"245",5035,12,16,21,28,29,30,14,11,5
"246",5036,12,19,20,21,26,31,15,-7,1
"247",5037,7,12,14,22,24,32,16,-18,1
"248",5038,4,7,11,20,27,28,16,-14,0
"249",5039,2,16,18,19,21,29,9,8,-7
"250",5040,1,12,21,24,30,32,13,15,4
"251",5041,2,11,16,23,24,29,3,-15,-10
"252",5042,11,16,21,26,27,30,15,26,12
"253",5043,4,5,6,7,8,32,5,-69,-10
"254",5044,1,6,16,17,18,22,9,18,4
"255",5045,1,7,10,15,18,20,10,-9,1
"256",5016,9,16,18,20,22,24,5,38,-5
"257",5047,2,3,5,7,8,27,15,-57,10
"258",5048,6,7,8,10,16,28,2,23,-13
"259",5049,2,3,8,10,25,27,12,0,10
"260",5050,2,9,12,20,26,32,13,26,1
"261",5051,3,6,14,19,20,21,2,-18,-11
"262",5052,1,2,14,17,30,32,1,13,-1
"263",5053,4,7,10,14,27,29,9,-5,8
"264",5054,5,13,17,18,21,29,14,12,5
"265",5055,5,20,22,30,32,33,9,39,-5
"266",5056,12,17,19,27,29,31,9,-7,0
"267",5057,5,6,10,15,30,31,13,-38,4
"268",5058,4,6,10,21,25,26,10,-5,-3
"269",5059,7,11,14,18,24,29,7,11,-3
"270",5060,9,12,21,25,31,33,13,28,6
"271",5061,5,9,14,21,23,24,1,-35,-12
"272",5062,2,7,11,12,20,23,7,-21,6
"273",5063,2,11,13,18,22,30,4,21,-3
"274",5064,10,18,23,27,30,32,8,44,4
"275",5065,12,16,17,21,22,23,16,-29,8
"276",5066,2,4,10,11,25,28,5,-31,-11
"277",5067,3,12,16,20,21,26,16,18,11
"278",5068,1,8,10,13,25,33,13,-8,-3
"279",5069,7,9,21,24,31,33,12,35,-1
"280",5070,3,4,8,14,16,26,4,-54,-8
"281",5071,4,8,12,14,16,22,10,5,6
"282",5072,6,10,19,20,24,33,11,36,1
"283",5073,1,6,8,9,18,20,1,-50,-10
"284",5074,6,9,18,20,26,29,9,46,8
"285",5075,11,13,14,16,18,31,14,-5,5
"286",5076,4,9,11,22,25,28,13,-4,-1
"287",5077,8,17,22,24,32,33,16,37,3
"288",5078,3,11,15,20,26,32,11,-29,-5
"289",5079,3,9,20,24,25,28,5,2,-6
"290",5080,1,12,14,26,27,32,16,3,11
"291",5081,2,4,10,12,26,30,3,-28,-13
"292",5082,1,7,11,14,19,20,12,-12,9
"293",5083,3,5,9,14,16,30,13,5,1
"294",5084,1,2,7,15,19,20,3,-13,-10
"295",5085,8,9,13,14,20,22,12,22,9
"296",5086,7,11,12,24,27,29,12,24,0
"297",5087,8,9,15,16,23,26,8,-13,-4
"298",5088,1,3,7,18,20,24,7,-24,-1
"299",5089,5,19,20,23,26,31,12,51,5
"300",5090,1,9,21,25,29,32,3,-7,-9
"301",5091,1,11,12,15,26,27,13,-25,10
"302",5092,8,13,19,26,28,31,10,33,-3
"303",5093,4,6,17,23,25,29,14,-21,4
"304",5094,3,5,9,23,27,33,3,-4,-11
"305",5095,9,12,18,21,28,29,5,17,2
"306",5096,4,5,17,18,26,33,4,-14,-1
"307",5097,5,10,23,27,28,30,15,20,11
"308",5098,12,15,19,22,31,33,1,9,-14
"309",5099,10,13,16,22,24,31,9,-16,8
"310",5100,2,4,9,14,16,31,3,-40,-6
"311",5101,9,16,19,21,22,24,12,35,9
"312",5102,2,5,6,14,24,31,12,-29,0
"313",5103,4,7,16,18,23,30,7,16,-5
"314",5104,2,4,21,23,30,33,9,15,2
"315",5105,4,15,23,30,32,33,3,24,-6
"316",5106,1,11,13,24,26,31,13,-31,10
"317",5107,9,10,20,24,25,26,11,8,-2
"318",5108,3,10,12,24,29,30,6,-6,-5
"319",5109,3,5,13,15,17,31,4,-24,-2
"320",5110,7,10,16,19,24,25,9,17,5
"321",5111,3,7,15,16,19,29,9,-12,0
"322",5112,4,12,22,28,29,30,16,36,7
"323",5113,15,18,20,22,26,27,3,3,-13
"324",5114,6,7,10,15,21,27,6,-42,3
"325",5115,3,12,18,23,30,33,2,33,-4
"326",5116,4,6,8,14,15,30,10,-42,8
"327",5117,6,17,22,27,28,32,3,55,-7
"328",5118,4,9,12,15,26,31,16,-35,13
"329",5119,1,7,11,18,20,22,2,-18,-14
"330",5120,1,6,13,18,30,32,14,21,12
"331",5121,1,7,20,25,31,32,12,16,-2
"332",5122,1,4,7,14,30,32,9,-28,-3
"333",5123,11,12,13,17,18,25,7,8,-2
"334",5124,5,6,10,19,31,33,11,8,4
"335",5125,6,14,18,28,31,32,3,25,-8
"336",5126,2,8,13,19,25,26,9,-36,6
"337",5127,4,6,11,14,23,25,12,-10,3
"338",5128,2,4,14,23,29,33,15,22,3
"339",5129,5,10,14,20,27,33,3,4,-12
"340",5130,3,5,9,15,20,25,16,-32,13
"341",5131,2,7,10,11,12,24,3,-11,-13
"342",5132,2,4,10,18,27,29,15,24,12
"343",5133,1,7,14,16,18,25,11,-9,-4
"344",5134,4,13,14,18,26,30,1,24,-10
"345",5135,1,5,13,15,21,25,11,-25,10
"346",5136,5,14,16,18,25,27,13,25,2
"347",5137,3,9,15,23,25,33,12,3,-1
"348",5138,3,5,6,11,20,22,13,-41,1
"349",5139,2,7,20,23,32,33,10,50,-3
"350",5140,4,6,7,8,12,17,7,-63,-3
"351",5141,3,5,8,12,16,19,15,9,8
"352",5142,7,10,12,17,22,29,5,34,-10
"353",5143,3,10,15,17,20,32,8,0,3
"354",5144,1,8,14,15,19,27,9,-13,1
"355",5145,3,7,8,17,20,28,15,-1,6
"356",5146,7,11,19,20,24,28,2,26,-13
"357",6147,6,7,15,27,28,30,10,4,8
"358",5148,3,15,17,23,24,29,13,-2,3
"359",5149,11,16,21,23,25,32,7,17,-6
"360",5150,3,7,10,14,18,20,2,-56,-5
"361",5151,4,11,12,13,19,30,5,17,3
"362",5152,1,5,12,14,21,27,3,-9,-2
"363",5153,4,5,7,21,26,29,1,12,-2
"364",6001,1,12,15,19,21,28,3,4,2
"365",6002,7,13,16,21,26,28,9,15,6
"366",6003,2,4,5,6,16,20,12,-58,3
"367",6004,4,8,17,27,28,31,7,62,-5
"368",6005,3,19,20,24,26,27,11,4,4
"369",6006,8,21,22,23,26,32,14,13,3
"370",6007,4,16,18,27,32,33,7,-2,-7
"371",6008,3,5,9,18,28,32,16,-35,9
"372",6009,5,6,8,20,26,30,6,0,-10
"373",6010,4,6,12,19,27,29,8,2,2
"374",6011,5,7,8,14,27,31,11,-5,3
"375",6012,9,11,13,27,31,33,10,32,-1
"376",6013,1,5,6,12,16,21,11,-63,1
"377",6014,6,14,26,29,32,33,7,79,-4
"378",6015,2,3,9,15,29,32,3,-50,-4
"379",6016,1,7,13,17,23,30,16,1,13
"380",6017,3,4,8,31,32,33,2,20,-14
"381",6018,1,13,14,17,24,26,5,-16,3
"382",6019,4,6,13,22,26,32,7,8,2
"383",6020,5,9,21,23,26,29,6,10,-1
"384",6021,1,2,5,20,21,22,9,-42,3
"385",6022,2,3,4,13,16,27,13,-6,4
"386",6023,4,13,14,19,23,28,8,36,-5
"387",6024,2,7,9,11,21,27,6,-24,-2
"388",6025,3,4,17,19,24,32,5,22,-1
"389",6026,1,2,18,22,29,32,3,5,-2
"390",6027,6,8,11,14,16,27,15,-22,12
"391",6028,5,7,14,16,17,27,4,4,-11
"392",9029,3,4,7,9,14,19,8,-30,4
"393",6030,8,13,15,17,20,32,14,49,6
"394",6031,3,10,12,16,31,32,14,-1,0
"395",6032,5,18,20,24,26,31,9,20,-5
"396",6033,15,20,22,23,27,31,6,14,-3
"397",6034,2,10,15,16,17,33,13,-45,7
"398",6035,3,9,13,21,27,29,13,9,0
"399",6036,4,7,10,16,17,21,9,-27,-4
"400",6037,2,12,23,24,25,32,14,43,5
"401",6038,2,12,23,24,25,32,14,0,0
"402",6039,16,19,22,28,31,32,3,30,-11
"403",6040,15,22,25,26,28,33,3,1,0
"404",6041,3,10,16,18,21,28,4,-53,1
"405",6042,3,16,23,26,28,31,11,31,7
"406",6043,5,12,13,16,23,32,3,-26,-8
"407",6044,2,10,18,21,30,31,5,11,2
"408",6045,6,7,10,14,20,21,4,-34,-1
"409",6046,13,18,23,29,31,32,8,68,4
"410",6047,2,17,20,22,28,32,3,-25,-5
"411",6048,9,13,19,25,29,32,12,6,9
"412",6049,6,10,12,13,17,20,3,-49,-9
"413",6050,2,6,12,15,25,31,7,13,4
"414",6051,2,6,7,17,27,30,16,-2,9
"415",6052,11,24,26,27,30,32,3,61,-13
"416",6053,1,11,17,27,28,31,2,-35,-1
"417",6054,3,5,7,10,28,30,4,-32,2
"418",6055,4,5,28,29,31,33,11,47,7
"419",6056,11,13,15,21,23,25,8,-22,-3
"420",6057,3,4,17,18,21,31,8,-14,0
"421",6058,1,12,22,23,24,25,14,13,6
"422",6059,5,10,15,17,27,29,11,-4,-3
"423",6060,5,15,19,23,30,32,14,21,3
"424",6061,5,13,17,19,25,30,11,-15,-3
"425",6062,18,22,23,24,26,30,1,34,-10
"426",6063,4,5,15,21,23,24,8,-51,7
"427",6064,3,12,14,21,24,28,11,10,3
"428",6065,4,8,17,28,29,30,13,14,2
"429",6066,6,8,11,18,30,33,5,-10,-8
"430",6067,7,8,11,16,17,24,13,-23,8
"431",6068,3,7,10,14,30,33,10,14,-3
"432",6069,5,16,20,22,29,30,8,25,-2
"433",6070,2,3,11,13,20,27,2,-46,-6
"434",6071,5,11,12,19,29,31,1,31,-1
"435",6072,2,3,5,20,21,24,8,-32,7
"436",6073,5,13,16,18,27,29,12,33,4
"437",6074,1,3,15,19,25,33,4,-12,-8
"438",6075,10,21,22,23,25,33,11,38,7
"439",6076,4,10,17,21,29,32,14,-21,3
"440",6077,8,9,12,13,19,33,9,-19,-5
"441",6078,3,5,17,22,31,33,12,17,3
"442",6079,6,11,13,17,20,32,8,-12,-4
"443",6080,15,17,20,22,26,29,9,30,1
"444",6081,14,16,18,21,22,32,4,-6,-5
"445",6082,3,13,15,23,28,29,9,-12,5
"446",6083,7,9,18,19,26,29,10,-3,1
"447",6084,1,12,17,21,25,28,12,-4,2
"448",6085,2,6,18,21,24,25,8,-8,-4
"449",6086,4,6,10,24,26,31,6,5,-2
"450",6087,4,5,8,9,12,30,5,-33,-1
"451",6088,3,11,20,24,25,26,1,41,-4
"452",6089,1,13,16,18,19,22,1,-20,0
"453",6090,2,11,15,20,23,29,11,11,10
"454",6091,7,8,12,21,22,24,7,-6,-4
"455",6092,2,8,11,16,20,21,14,-16,7
"456",6093,2,12,16,18,19,23,5,12,-9
"457",6094,15,16,17,18,24,33,13,33,8
"458",6095,1,3,17,20,21,29,16,-32,3
"459",6096,1,5,9,13,18,33,14,-12,-2
"460",6097,11,14,15,20,26,27,12,34,-2
"461",6098,6,7,10,11,18,23,16,-38,4
"462",6099,9,12,18,23,24,27,5,38,-11
"463",6100,1,11,18,26,30,32,3,5,-2
"464",6101,9,12,20,26,27,28,16,4,13
"465",6102,1,4,13,19,20,24,11,-41,-5
"466",6103,12,14,15,25,28,31,6,44,-5
"467",6104,3,7,22,27,28,31,11,-7,5
"468",6105,5,12,14,15,20,31,1,-21,-10
"469",6106,2,12,14,19,28,33,10,11,9
"470",6107,1,6,8,13,17,30,7,-33,-3
"471",6108,2,6,8,20,24,30,9,15,2
"472",6109,1,5,17,18,23,26,13,0,4
"473",6110,9,12,14,18,27,33,13,23,0
"474",6111,1,8,11,16,17,22,15,-38,2
"475",6112,4,9,13,15,31,33,11,30,-4
"476",6113,5,14,17,18,28,33,2,10,-9
"477",6114,8,10,14,20,27,29,16,-7,14
"478",6115,1,10,20,26,28,29,15,6,-1
"479",6116,5,16,21,22,32,33,9,15,-6
"480",6117,6,14,20,22,23,26,9,-18,0
"481",6118,1,3,7,8,10,30,5,-52,-4
"482",6119,1,2,14,20,27,30,2,35,-3
"483",6120,6,8,14,15,24,33,9,6,7
"484",6121,3,4,6,27,31,33,6,4,-3
"485",6122,4,5,6,8,22,24,3,-35,-3
"486",6123,2,3,20,25,28,32,6,41,3
"487",6124,12,13,14,18,31,32,13,10,7
"488",6125,15,19,23,30,32,33,6,32,-7
"489",6126,2,8,13,16,24,33,9,-56,3
"490",6127,3,4,11,17,19,30,1,-12,-8
"491",6128,4,15,21,30,31,33,5,50,4
"492",6129,9,14,18,22,27,29,12,-15,7
"493",6130,1,12,21,22,30,32,2,-1,-10
"494",6131,3,4,9,22,26,33,1,-21,-1
"495",6132,6,14,22,26,30,33,1,34,0
"496",6133,4,6,20,25,29,31,3,-16,2
"497",6134,10,13,18,26,28,30,12,10,9
"498",6135,4,19,21,22,23,31,4,-5,-8
"499",6136,11,15,17,21,22,24,5,-10,1
"500",6137,10,14,17,21,27,31,9,10,4
"501",6138,4,9,11,17,18,26,8,-35,-1
"502",6139,7,8,14,21,23,25,5,13,-3
"503",6140,1,8,11,18,19,23,5,-18,0
"504",6141,16,18,22,23,25,31,11,55,6
"505",6142,10,16,19,22,26,27,16,-15,5
"506",6143,1,15,20,29,31,32,8,8,-8
"507",6144,4,10,13,16,22,29,6,-34,-2
"508",6145,2,7,23,26,28,31,7,23,1
"509",6146,3,9,13,23,28,30,5,-11,-2
"510",6147,1,4,15,17,27,31,1,-11,-4
"511",6148,4,8,12,13,23,29,1,-6,0
"512",6149,2,3,5,11,15,32,15,-21,14
"513",6150,8,9,12,18,25,27,12,31,-3
"514",6151,1,3,4,6,16,22,8,-47,-4
"515",6152,1,14,20,25,27,31,15,66,7
"516",6153,1,7,11,20,30,33,10,-16,-5
"517",6154,7,14,18,20,30,33,13,20,3
"518",7001,2,4,9,10,20,26,14,-51,1
"519",7002,5,6,14,20,21,22,1,17,-13
"520",7003,5,9,11,12,22,27,15,-2,14
"521",8004,3,7,10,13,25,33,10,5,-5
"522",7005,1,5,6,16,24,30,12,-9,2
"523",7006,6,10,14,22,26,27,11,23,-1
"524",7007,4,12,15,17,22,32,14,-3,3
"525",7008,1,4,5,18,19,25,10,-30,-4
"526",7009,2,4,14,15,25,27,15,15,5
"527",7010,3,8,14,17,30,32,5,17,-10
"528",7011,3,10,15,25,28,33,16,10,11
"529",7012,3,10,15,25,28,33,16,0,0
"530",7013,5,15,18,27,29,32,5,12,-11
"531",7014,1,13,16,20,24,26,9,-26,4
"532",7015,3,4,8,18,22,30,15,-15,6
"533",7016,1,18,20,22,26,33,5,35,-10
"534",7017,5,9,10,24,25,32,14,-15,9
"535",7018,1,12,18,20,21,26,11,-7,-3
"536",7019,4,11,16,23,29,31,14,16,3
"537",7020,5,10,16,20,28,31,14,-4,0
"538",7021,3,6,9,11,25,31,13,-25,-1
"539",7022,2,4,7,10,18,27,10,-17,-3
"540",7023,3,7,13,17,32,33,2,37,-8
"541",7024,8,9,17,25,27,32,6,13,4
"542",7025,3,16,18,22,23,26,3,-10,-3
"543",7026,1,4,14,16,26,29,10,-18,7
"544",7057,2,3,9,22,24,27,11,-3,1
"545",7028,3,8,13,20,29,30,11,16,0
"546",7029,6,8,9,11,19,21,10,-29,-1
"547",7030,3,16,21,22,27,30,4,45,-6
"548",7031,4,6,10,12,19,31,1,-37,-3
"549",7032,4,8,16,24,30,32,16,32,15
"550",7033,3,4,11,17,18,28,9,-33,-7
"551",7034,2,9,12,14,23,25,16,4,7
"552",7035,1,4,8,12,29,31,6,0,-10
"553",7036,3,14,21,23,30,31,10,37,4
"554",7037,10,11,16,23,31,33,16,2,6
"555",7038,3,11,14,19,21,30,5,-26,-11
"556",7039,6,7,19,24,27,29,1,14,-4
"557",7040,13,14,15,19,24,30,10,3,9
"558",7041,1,3,9,11,26,31,12,-34,2
"559",7042,3,13,16,19,32,33,8,35,-4
"560",7043,3,8,10,11,14,30,5,-40,-3
"561",7044,9,13,20,21,24,32,8,43,3
"562",7045,1,12,18,21,28,30,10,-9,2
"563",7046,2,6,7,9,19,26,14,-41,4
"564",7047,2,4,16,18,23,30,6,24,-8
"565",7048,2,11,12,15,17,28,12,-8,6
"566",7049,4,14,18,19,31,33,2,34,-10
"567",7050,1,5,8,13,18,25,2,-49,0
"568",7051,3,14,16,26,27,33,13,49,11
"569",7052,2,3,7,8,26,29,7,-44,-6
"570",7053,10,13,16,17,18,27,11,26,4
"571",7054,1,3,16,18,23,28,5,-12,-6
"572",8055,2,6,11,22,28,29,2,9,-3
"573",7056,14,17,21,29,31,32,12,46,10
"574",7057,5,11,18,19,20,21,9,-50,-3
"575",7058,7,8,10,13,25,27,7,-4,-2
"576",7059,1,3,4,6,7,29,14,-40,7
"577",7060,1,2,8,16,19,29,5,25,-9
"578",7061,1,6,7,11,20,23,5,-7,0
"579",7062,8,17,20,29,30,33,9,69,4
"580",7063,10,15,17,24,26,28,12,-17,3
"581",7064,2,6,9,16,21,23,16,-43,4
"582",7065,4,7,19,21,25,31,7,30,-9
"583",7066,5,11,16,24,32,33,8,14,1
"584",7067,6,11,13,17,21,23,11,-30,3
"585",7068,11,18,19,22,23,28,1,30,-10
"586",7069,3,4,11,12,14,32,12,-45,11
"587",7070,6,8,15,17,18,30,12,18,0
"588",7071,1,6,14,21,30,31,9,9,-3
"589",7072,2,4,8,13,14,33,16,-29,7
"590",7073,5,9,11,19,28,31,2,29,-14
"591",7074,8,13,15,25,27,28,3,13,1
"592",7075,13,16,17,22,30,32,3,14,0
"593",7076,6,12,15,16,20,31,2,-30,-1
"594",7077,6,8,14,21,28,29,2,6,0
"595",7078,4,6,7,23,25,32,1,-9,-1
"596",7079,3,4,14,20,21,25,14,-10,13
"597",7080,1,8,16,18,19,29,4,4,-10
"598",7081,9,14,15,19,24,33,13,23,9
"599",7082,5,15,17,18,25,32,15,-2,2
"600",7083,11,14,18,20,21,26,5,-2,-10
"601",7084,6,10,12,14,20,27,10,-21,5
"602",7085,2,12,17,19,29,30,12,20,2
"603",7086,5,8,14,22,27,29,16,-4,4
"604",7087,1,3,4,5,8,21,9,-63,-7
"605",7088,2,4,10,28,29,33,6,64,-3
"606",7089,3,7,8,15,19,28,3,-26,-3
"607",7090,5,11,13,27,30,31,2,37,-1
"608",7091,2,11,17,30,31,32,7,6,5
"609",7092,14,18,22,23,24,33,9,11,2
"610",7093,5,10,13,15,19,29,2,-43,-7
"611",7094,3,5,18,19,24,32,2,10,0
"612",7095,1,6,8,18,29,32,7,-7,5
"613",7096,9,10,20,22,30,32,8,29,1
"614",7097,4,8,13,18,26,30,11,-24,3
"615",7098,2,3,5,11,19,20,12,-39,1
"616",7099,3,4,14,27,31,33,5,52,-7
"617",7100,3,4,14,27,31,33,5,0,0
"618",7101,15,16,18,21,22,30,14,10,9
"619",7102,4,6,8,18,20,33,11,-33,-3
"620",7103,7,9,25,27,30,32,1,41,-10
"621",7104,2,8,12,14,20,32,4,-42,3
"622",7105,2,7,10,17,23,29,14,0,10
"623",7106,12,18,21,24,25,29,8,41,-6
"624",7107,2,8,9,18,24,28,10,-40,2
"625",7108,3,7,12,13,20,33,2,-1,-8
"626",7109,1,4,7,8,13,14,4,-41,2
"627",7110,2,4,7,15,24,28,3,33,-1
"628",7111,2,9,10,12,13,17,11,-17,8
"629",7112,7,11,14,16,25,32,11,42,0
"630",7113,4,18,23,25,26,31,10,22,-1
"631",7114,5,12,15,24,27,33,5,-11,-5
"632",7115,1,5,10,16,20,26,2,-38,-3
"633",7116,3,5,7,11,17,27,13,-8,11
"634",7117,3,7,9,10,26,32,1,17,-12
"635",7118,4,10,16,18,25,32,15,18,14
"636",7119,3,8,11,13,25,31,12,-14,-3
"637",7120,6,7,11,12,18,25,1,-12,-11
"638",7121,3,10,21,22,27,28,6,32,5
"639",7122,4,7,19,24,26,32,9,1,3
"640",7123,1,13,15,23,28,32,2,0,-7
"641",7124,3,7,13,16,19,32,16,-22,14
"642",7125,3,5,18,20,27,33,1,16,-15
"643",7126,9,10,19,23,26,31,9,12,8
"644",7127,6,9,13,16,24,28,11,-22,2
"645",7128,9,10,19,21,27,31,5,21,-6
"646",7129,5,7,20,21,22,30,8,-12,3
"647",7130,3,5,9,11,27,31,4,-19,-4
"648",7131,3,5,7,16,22,27,5,-6,1
"649",7132,1,9,16,21,22,23,5,12,0
"650",7133,3,6,7,11,13,33,10,-19,5
"651",7134,1,4,10,13,18,25,15,-2,5
"652",7135,1,11,16,26,31,33,16,47,1
"653",7136,1,2,18,21,25,29,14,-22,-2
"654",7137,3,7,8,18,20,22,3,-18,-11
"655",7138,2,3,15,17,19,25,16,3,13
"656",7139,6,10,12,14,16,22,6,-1,-10
"657",7140,1,5,16,21,22,26,11,11,5
"658",7141,2,3,4,6,17,31,8,-28,-3
"659",7142,11,20,25,26,27,30,8,76,0
"660",7143,1,6,22,23,24,26,4,-37,-4
"661",7144,8,14,23,25,28,32,16,28,12
"662",7145,8,9,11,12,25,31,11,-34,-5
"663",7146,4,18,22,24,26,30,9,28,-2
"664",7147,3,7,18,24,26,27,4,-19,-5
"665",7148,3,9,16,17,23,28,7,-9,3
"666",7149,1,17,19,22,28,30,3,21,-4
"667",7150,3,5,11,13,19,24,5,-42,2
"668",7151,1,6,10,11,23,25,2,1,-3
"669",7152,11,17,21,29,30,33,8,65,6
"670",7153,1,4,19,20,25,31,15,-41,7
"671",8001,2,4,7,9,14,29,3,-35,-12
"672",8002,3,4,18,22,25,29,9,36,6
"673",8003,6,8,11,13,17,19,12,-27,3
"674",9004,4,8,22,23,27,29,8,39,-4
"675",8005,3,5,15,22,24,25,15,-19,7
"676",8006,1,14,16,18,22,27,14,4,-1
"677",8005,3,5,15,22,24,25,15,-4,1
"678",8006,1,14,16,18,22,27,14,4,-1
"679",8007,1,13,17,22,23,30,11,8,-3
"680",8008,2,15,16,23,26,27,7,3,-4
"681",8009,9,21,29,30,31,32,16,43,9
"682",8010,3,8,11,17,21,27,9,-65,-7
"683",8011,2,14,17,21,30,32,3,29,-6
"684",8012,3,4,5,16,20,30,13,-38,10
"685",8013,2,8,15,16,22,28,10,13,-3
"686",8014,3,9,11,17,21,31,14,1,4
"687",8015,6,8,11,16,29,33,3,11,-11
"688",8016,3,12,14,21,29,33,13,9,10
"689",8017,2,5,7,17,20,22,2,-39,-11
"690",8018,2,5,6,23,26,33,13,22,11
"691",8019,2,9,11,17,27,31,5,2,-8
"692",8020,2,9,11,17,27,31,5,0,0
"693",8021,9,12,19,20,26,28,15,17,10
"694",8022,12,18,20,24,28,32,5,20,-10
"695",8023,8,16,18,25,26,32,2,-9,-3
"696",8024,11,20,21,26,28,30,13,11,11
"697",8025,8,16,17,18,19,21,14,-37,1
"698",8026,5,17,19,27,29,32,3,30,-11
"699",8027,15,18,19,23,24,26,13,-4,10
"700",8028,1,13,21,26,29,32,10,-3,-3
"701",8029,1,9,14,22,29,32,12,-15,2
"702",8030,6,15,18,19,20,28,11,-1,-1
"703",8031,3,6,11,15,21,31,13,-19,2
"704",8032,5,14,16,21,23,28,13,20,0
"705",8033,12,17,18,30,31,33,4,34,-9
"706",8034,3,5,9,11,21,29,9,-63,5
"707",8035,7,11,14,17,18,29,16,18,7
"708",8036,2,6,13,18,23,28,16,-6,0
"709",8037,1,12,22,24,28,31,6,28,-10
"710",8038,3,9,10,11,15,19,13,-51,7
"711",8039,1,7,10,13,22,29,1,15,-12
"712",8040,6,13,22,25,27,28,9,39,8
"713",8041,8,11,20,22,23,27,4,-10,-5
"714",8042,3,4,9,11,12,24,1,-48,-3
"715",8043,3,10,16,22,27,33,14,48,13
"716",8044,5,7,9,20,26,29,9,-15,-5
"717",8045,1,10,13,21,29,32,4,10,-5
"718",8046,15,16,18,24,28,33,15,28,11
"719",8047,9,12,13,14,20,22,10,-44,-5
"720",8048,11,18,21,27,30,32,1,49,-9
"721",8049,3,10,12,13,19,25,4,-57,3
"722",8050,1,11,19,24,26,27,3,26,-1
"723",8051,1,4,8,10,13,33,11,-39,8
"724",8052,2,10,17,23,29,31,10,43,-1
"725",8053,2,10,17,23,29,31,10,0,0
"726",8054,2,6,16,17,20,25,7,-26,-3
"727",8055,11,16,19,23,26,31,4,40,-3
"728",8056,8,13,22,23,25,30,7,-5,3
"729",8057,19,20,21,26,28,30,8,23,1
"730",8058,1,12,21,27,29,31,11,-23,3
"731",8059,2,6,15,29,31,32,16,-6,5
"732",8060,6,7,8,17,30,32,3,-15,-13
"733",8061,1,2,5,12,26,31,6,-23,3
"734",8062,6,8,13,17,24,27,15,18,9
"735",8063,5,9,11,14,16,17,15,-23,0
"736",8064,1,2,7,9,12,18,12,-23,-3
"737",8065,5,13,15,19,30,31,5,64,-7
"738",8066,7,12,21,22,29,30,8,8,3
"739",8067,10,11,15,19,26,33,13,-7,5
"740",8068,5,7,17,23,27,29,7,-6,-6
"741",8069,5,8,17,20,26,30,10,-2,3
"742",8070,5,6,12,15,18,33,13,-17,3
"743",8071,1,6,21,26,27,28,9,20,-4
"744",8072,1,5,10,18,22,30,9,-23,0
"745",8073,1,9,13,22,28,33,8,20,-1
"746",8074,1,11,15,19,20,24,9,-16,1
"747",8075,1,8,14,18,22,30,3,3,-6
"748",8076,2,5,7,11,13,18,11,-37,8
"749",8077,4,12,22,26,30,33,9,71,-2
"750",8078,6,13,16,26,30,33,1,-3,-8
"751",8079,3,4,5,10,20,32,9,-50,8
"752",8080,4,14,22,25,29,32,14,52,5
"753",8081,2,12,13,18,25,31,4,-25,-10
"754",8082,4,8,10,12,21,26,9,-20,5
"755",8083,7,8,9,18,29,32,9,22,0
"756",8084,4,7,13,20,29,30,16,0,7
"757",8085,1,4,12,20,24,29,15,-13,-1
"758",28086,4,5,10,26,27,30,12,12,-3
"759",8087,1,7,26,29,30,31,6,22,-6
"760",8088,1,6,8,16,17,23,5,-53,-1
"761",8089,3,6,11,16,22,27,11,14,6
"762",8090,2,7,14,18,19,24,1,-1,-10
"763",8091,3,12,14,23,31,32,10,31,9
"764",8092,1,3,18,27,28,30,5,-8,-5
"765",8093,4,10,12,16,26,28,7,-11,2
"766",8094,1,4,15,16,23,28,14,-9,7
"767",8095,3,8,14,21,28,29,3,16,-11
"768",8096,6,8,12,24,27,31,14,5,11
"769",8097,3,6,8,9,16,17,13,-49,-1
"770",8098,6,7,10,11,15,30,1,20,-12
"771",8099,10,15,16,22,23,24,7,31,6
"772",8100,8,14,17,21,27,28,14,5,7
"773",8101,9,17,21,26,28,30,4,16,-10
"774",8102,3,7,12,21,25,32,5,-31,1
"775",8103,1,12,16,18,22,33,4,2,-1
"776",8104,3,6,8,17,24,31,1,-13,-3
"777",8105,5,17,19,27,28,32,2,39,1
"778",8406,14,19,25,27,29,30,15,16,13
"779",8107,6,13,18,22,27,32,4,-26,-11
"780",8108,9,10,15,17,23,30,12,-14,8
"781",8109,4,7,9,16,21,28,10,-19,-2
"782",8110,10,16,22,23,29,31,2,46,-8
"783",8111,17,18,21,25,31,32,6,13,4
"784",8112,5,13,14,19,22,23,6,-48,0
"785",8113,6,9,10,12,17,22,9,-20,3
"786",8114,4,9,20,24,25,31,14,37,5
"787",8115,2,12,13,14,17,18,6,-37,-8
"788",8116,3,7,21,22,24,29,14,30,8
"789",8117,3,5,7,10,14,33,7,-34,-7
"790",8118,4,9,16,27,31,33,1,48,-6
"791",8119,5,7,9,15,24,29,7,-31,6
"792",8120,10,11,22,24,26,33,2,37,-5
"793",8121,2,22,23,27,31,32,6,11,4
"794",8122,2,8,11,14,19,26,15,-57,9
"795",8123,10,11,15,16,25,29,2,26,-13
"796",8124,1,7,10,13,21,22,3,-32,1
"797",8125,10,11,12,15,26,29,9,29,6
"798",8126,4,11,12,14,20,30,13,-12,4
"799",8127,5,8,19,22,27,30,13,20,0
"800",8128,1,5,19,20,27,33,5,-6,-8
"801",8129,1,3,18,24,25,32,15,-2,10
"802",8130,1,12,18,28,30,32,6,18,-9
"803",8131,2,12,15,18,22,32,8,-20,2
"804",8132,9,13,16,25,27,33,8,22,0
"805",8133,8,11,16,19,24,26,11,-19,3
"806",8134,10,15,19,20,28,32,2,20,-9
"807",8135,5,14,15,16,19,21,15,-34,13
"808",8136,5,9,10,12,18,28,2,-8,-13
"809",8137,1,4,24,28,29,33,9,37,7
"810",8138,7,14,19,23,25,32,4,1,-5
"811",8139,8,9,19,23,25,26,7,-10,3
"812",8140,7,14,16,29,30,31,14,17,7
"813",8141,3,13,20,25,29,33,15,-4,1
"814",8142,5,6,10,13,17,28,15,-44,0
"815",8143,12,17,18,19,26,27,6,40,-9
"816",8144,2,5,10,27,29,33,15,-13,9
"817",8145,7,13,18,22,26,29,2,9,-13
"818",8146,7,8,17,19,31,32,10,-1,8
"819",8147,7,8,14,22,26,33,2,-4,-8
"820",8148,3,5,9,22,26,28,9,-17,7
"821",8149,10,14,22,28,29,33,2,43,-7
"822",8150,4,19,22,24,29,32,2,-6,0
"823",8151,6,8,10,14,17,19,6,-56,4
"824",8152,1,4,6,22,26,30,8,15,2
"825",8153,1,4,18,21,24,30,16,9,8
"826",9001,4,21,23,24,30,31,4,35,-12
"827",9002,10,14,17,25,29,33,14,-5,10
"828",9003,2,3,6,15,25,30,2,-47,-12
"829",9004,3,11,13,17,28,31,3,22,1
"830",9005,1,3,8,15,17,21,13,-38,10
"831",9006,6,12,18,20,26,33,2,50,-11
"832",9007,1,5,12,23,25,26,15,-23,13
"833",9008,4,15,16,22,32,33,2,30,-13
"834",9009,8,15,21,30,31,33,2,16,0
"835",9010,3,10,17,19,20,24,2,-45,0
"836",9011,2,4,13,14,18,23,15,-19,13
"837",9012,5,11,14,17,18,28,1,19,-14
"838",9013,4,8,9,21,26,27,9,2,8
"839",9014,3,6,9,14,15,18,2,-30,-7
"840",9015,2,4,6,15,17,32,5,11,3
"841",9016,2,7,13,16,20,33,3,15,-2
"842",9017,6,14,15,19,25,26,8,14,5
"843",9018,2,5,6,19,27,30,15,-16,7
"844",9019,6,17,19,20,26,27,4,26,-11
"845",9020,3,5,7,10,19,23,13,-48,9
"846",9021,1,4,5,17,24,27,9,11,-4
"847",9022,5,8,9,10,11,18,8,-17,-1
"848",9023,1,6,7,15,24,30,8,22,0
"849",9024,1,3,17,23,30,33,12,24,4
"850",9025,10,20,22,23,26,33,11,27,-1
"851",9026,11,15,17,18,20,30,16,-23,5
"852",9027,2,7,11,16,27,32,6,-16,-10
"853",9028,3,6,12,15,23,26,10,-10,4
"854",9029,12,13,15,22,23,29,13,29,3
"855",9030,8,14,24,26,28,32,7,18,-6
"856",9031,1,2,3,15,30,33,1,-48,-6
"857",9032,9,11,12,19,27,32,6,26,5
"858",9033,7,8,13,14,29,30,6,-9,0
"859",9034,9,12,18,21,22,26,7,7,1
"860",9035,6,15,21,26,29,31,5,20,-2
"861",9036,6,9,18,23,32,33,7,-7,2
"862",9037,2,6,15,18,20,31,3,-29,-4
"863",9038,12,13,15,23,28,32,5,31,2
"864",9039,5,12,14,15,21,27,3,-29,-2
"865",9040,4,7,10,20,26,30,12,3,9
"866",9041,1,8,23,26,28,33,8,22,-4
"867",9042,8,16,22,23,27,30,11,7,3
"868",9043,4,9,10,15,18,26,7,-44,-4
"869",9044,11,14,16,18,26,30,1,33,-6
"870",9045,3,4,6,23,30,32,1,-17,0
"871",9046,16,20,21,26,29,30,9,44,8
"872",9047,6,8,11,15,21,22,16,-59,7
"873",9048,3,7,11,15,17,31,1,1,-15
"874",9049,9,12,14,20,30,31,6,32,5
"875",9050,13,21,24,29,30,32,4,33,-2
"876",9051,6,10,13,16,21,23,7,-60,3
"877",9052,9,11,15,19,21,30,8,16,1
"878",9053,7,12,18,19,22,28,4,1,-4
"879",9054,16,17,23,26,31,32,11,39,7
"880",9055,3,4,18,22,24,29,11,-45,0
"881",9056,4,9,10,18,29,32,8,2,-3
"882",9057,5,7,10,14,17,25,11,-24,3
"883",9058,5,8,10,15,23,26,9,9,-2
"884",9059,3,7,13,23,27,30,11,16,2
"885",9060,7,13,17,26,32,33,4,25,-7
"886",9061,10,11,13,16,19,30,3,-29,-1
"887",9062,10,19,20,21,23,32,10,26,7
"888",9063,2,5,11,26,30,32,16,-19,6
"889",9064,1,2,14,23,28,29,15,-9,-1
"890",9065,8,12,20,22,30,33,2,28,-13
"891",9066,2,15,19,24,31,32,4,-2,2
"892",9067,4,10,16,23,28,30,5,-12,1
"893",9068,6,11,18,20,25,30,5,-1,0
"894",9069,3,5,12,18,21,23,2,-28,-3
"895",9070,1,2,9,10,21,31,10,-8,8
"896",9071,4,5,23,26,31,32,6,47,-4
"897",9072,1,3,12,20,21,29,4,-35,-2
"898",9073,9,16,17,18,22,27,14,23,10
"899",9074,5,10,16,19,23,28,13,-8,-1
"900",9075,1,13,15,17,20,30,5,-5,-8
"901",9076,9,18,19,25,28,31,6,34,1
"902",9077,1,9,14,16,28,32,16,-30,10
"903",9078,5,7,12,14,15,20,13,-27,-3
"904",9079,2,9,16,21,30,31,13,36,0
"905",9080,1,11,13,25,32,33,6,6,-7
"906",9081,4,5,6,25,29,30,3,-16,-3
"907",9082,11,15,18,21,27,29,2,22,-1
"908",9083,2,8,12,18,24,28,4,-29,2
"909",9084,4,9,11,20,32,33,13,17,9
"910",9085,4,8,12,17,20,30,3,-18,-10
"911",9086,11,12,13,18,23,32,11,18,8
"912",9087,6,11,13,20,28,32,6,1,-5
"913",9088,4,7,11,15,16,17,2,-40,-4
"914",9089,2,3,7,11,19,32,4,4,2
"915",9090,7,9,14,20,23,30,14,29,10
"916",9091,3,8,11,14,25,29,4,-13,-10
"917",9092,2,6,7,14,18,31,8,-12,4
"918",9093,1,11,20,31,32,33,1,50,-7
"919",9094,3,16,22,25,26,33,14,-3,13
"920",9095,8,9,14,28,31,33,15,-2,1
"921",9096,1,26,27,31,32,33,3,27,-12
"922",9097,7,13,24,26,28,32,14,-20,11
"923",9098,3,14,15,20,23,30,2,-25,-12
"924",9099,8,9,18,20,25,29,9,4,7
"925",9100,2,11,17,27,30,33,11,11,2
"926",9101,1,2,5,10,19,24,14,-59,3
"927",9102,3,5,7,8,14,31,10,7,-4
"928",9103,6,11,17,20,23,24,9,33,-1
"929",9104,20,22,26,29,30,32,16,58,7
"930",9105,2,8,10,16,27,30,15,-66,-1
"931",9106,1,2,15,18,20,29,4,-8,-11
"932",9107,7,8,20,23,28,29,5,30,1
"933",9108,4,10,17,28,32,33,2,9,-3
"934",9109,5,6,7,14,25,28,1,-39,-1
"935",9110,4,10,13,15,19,30,14,6,13
"936",9111,2,4,7,14,15,25,15,-24,1
"937",9112,6,7,18,24,30,32,9,50,-6
"938",9113,4,12,20,25,28,29,16,1,7
"939",9114,3,5,11,12,31,32,11,-24,-5
"940",9115,2,9,13,15,19,24,3,-12,-8
"941",9116,5,17,21,25,27,32,14,45,11
"942",9117,5,9,15,21,26,31,13,-20,-1
"943",9118,12,16,25,26,27,31,5,30,-8
"944",9119,6,7,10,12,15,21,5,-66,0
"945",9120,1,2,8,12,16,30,16,-2,11
"946",9121,2,4,6,10,25,30,9,8,-7
"947",9122,7,14,16,27,29,32,1,48,-8
"948",9123,9,13,20,22,25,28,14,-8,13
"949",9124,3,4,22,23,28,30,10,-7,-4
"950",9125,6,7,8,22,26,27,12,-14,2
"951",9126,3,5,6,10,19,23,15,-30,3
"952",9127,2,11,12,14,15,16,4,4,-11
"953",9128,5,8,15,16,26,32,1,32,-3
"954",9129,6,7,16,17,24,25,7,-7,6
"955",9130,2,3,7,12,13,30,11,-28,4
"956",9131,16,23,25,26,32,33,5,88,-6
"957",9132,4,14,15,21,23,30,7,-48,2
"958",9133,5,9,13,18,20,32,1,-10,-6
"959",9134,3,5,12,15,28,33,6,-1,5
"960",9135,1,3,14,19,30,33,16,4,10
"961",9136,1,4,14,22,30,33,1,4,-15
"962",9137,8,12,14,15,17,21,1,-17,0
"963",9138,4,7,14,26,32,33,14,29,13
"964",9139,1,5,15,17,27,29,2,-22,-12
"965",9140,4,5,11,18,22,33,12,-1,10
"966",9141,2,13,21,28,29,31,9,31,-3
"967",9142,7,11,15,19,20,24,13,-28,4
"968",9143,5,9,11,17,23,28,10,-3,-3
"969",9144,1,5,10,17,18,29,12,-13,2
"970",9145,3,5,11,15,26,33,11,13,-1
"971",9146,3,9,16,20,22,33,15,10,4
"972",9147,6,8,10,18,22,32,16,-7,1
"973",9148,6,12,15,22,29,32,10,20,-6
"974",9149,1,3,16,18,22,29,4,-27,-6
"975",9150,4,6,7,16,19,20,4,-17,0
"976",9151,6,8,10,16,25,30,14,23,10
"977",9152,3,4,19,21,27,28,5,7,-9
"978",9153,6,7,8,20,21,25,10,-15,5
"979",9154,1,7,12,14,18,25,16,-10,6
"980",10001,7,17,18,27,29,32,13,53,-3
"981",10002,3,6,7,23,30,33,13,-28,0
"982",10003,14,22,26,27,28,31,4,46,-9
"983",10004,1,12,13,16,23,28,7,-55,3
"984",10005,3,5,6,8,17,18,14,-36,7
"985",10006,3,5,7,13,14,18,5,3,-9
"986",10007,14,22,27,28,30,33,14,94,9
"987",10008,5,7,13,15,18,30,14,-66,0
"988",10009,1,9,13,21,24,32,6,12,-8
"989",10010,7,8,12,15,22,26,8,-10,2
"990",10011,7,8,14,22,24,30,7,15,-1
"991",10012,2,8,13,14,25,33,10,-10,3
"992",10013,1,2,3,16,18,23,12,-32,2
"993",10014,1,3,7,14,26,28,2,16,-10
"994",10015,1,4,16,21,23,28,6,14,4
"995",10016,2,8,10,12,30,33,16,2,10
"996",10017,1,3,6,11,12,23,11,-39,-5
"997",10018,11,28,29,30,32,33,2,107,-9
"998",10019,2,10,22,24,26,27,6,-52,4
"999",10020,5,6,14,22,24,26,9,-14,3
"1000",10021,2,9,16,17,19,25,4,-9,-5
"1001",10022,1,2,18,29,31,32,2,25,-2
"1002",10023,2,9,11,22,24,27,11,-18,9
"1003",10024,7,16,26,27,29,31,14,41,3
"1004",10025,4,5,7,10,13,25,11,-72,-3
"1005",10026,2,4,5,8,19,22,12,-4,1
"1006",10027,3,4,15,25,26,30,13,43,1
"1007",10028,1,3,6,12,16,32,12,-33,-1
"1008",10029,1,5,14,16,17,22,3,5,-9
"1009",10030,3,6,10,16,25,31,5,16,2
"1010",10031,5,7,13,24,25,28,4,11,-1
"1011",10032,8,18,21,28,29,33,8,35,4
"1012",10033,8,10,11,12,25,29,9,-42,1
"1013",10034,6,11,13,22,25,32,12,14,3
"1014",10035,9,10,11,18,19,21,10,-21,-2
"1015",10036,6,13,14,28,29,30,8,32,-2
"1016",10037,3,16,19,21,24,26,6,-11,-2
"1017",10038,1,6,7,11,13,16,1,-55,-5
"1018",10039,8,17,21,23,25,32,12,72,11
"1019",10040,12,19,24,25,30,32,11,16,-1
"1020",10041,3,5,13,19,25,29,12,-48,1
"1021",10042,3,6,11,20,31,32,10,9,-2
"1022",10043,4,10,19,22,28,33,4,13,-6
"1023",10044,3,9,21,23,27,31,5,-2,1
"1024",10045,2,3,4,13,20,29,1,-43,-4
"1025",10046,11,12,21,23,27,32,5,55,4
"1026",10047,3,10,13,20,21,32,15,-27,10
"1027",10048,1,6,8,10,23,33,2,-18,-13
"1028",10049,1,6,10,26,27,28,2,17,0
"1029",10050,7,21,22,26,28,30,11,36,9
"1030",10051,4,17,23,27,28,32,3,-3,-8
"1031",10052,1,2,19,23,27,29,10,-30,7
"1032",10053,3,22,24,27,28,30,14,33,4
"1033",10054,1,6,8,12,14,25,6,-68,-8
"1034",10055,2,3,13,19,20,23,8,14,2
"1035",10056,1,2,3,8,13,32,7,-21,-1
"1036",10057,5,11,12,19,25,32,5,45,-2
"1037",10058,1,4,11,17,19,29,12,-23,7
"1038",10059,1,9,11,12,18,30,10,0,-2
"1039",10060,1,8,15,18,22,27,9,10,-1
"1040",10061,2,4,16,19,22,26,12,-2,3
"1041",10062,11,13,15,20,31,33,3,34,-9
"1042",10063,2,6,10,17,23,24,3,-41,0
"1043",10064,8,14,25,26,30,31,11,52,8
"1044",10065,2,7,8,17,30,32,12,-38,1
"1045",10066,1,3,21,22,31,32,7,14,-5
"1046",10067,1,7,10,14,21,25,1,-32,-6
"1047",10068,3,13,18,20,23,28,13,27,12
"1048",10069,12,14,20,22,24,32,11,19,-2
"1049",10070,8,13,23,27,31,33,7,11,-4
"1050",10071,5,13,14,17,20,26,1,-40,-6
"1051",10072,6,8,22,23,30,31,1,25,0
"1052",10073,1,16,20,23,27,31,2,-2,1
"1053",10074,2,10,17,18,19,29,15,-23,13
"1054",10075,5,9,12,13,15,22,14,-19,-1
"1055",10076,1,12,14,29,31,32,15,43,1
"1056",10077,2,8,14,20,21,24,9,-30,-6
"1057",10078,1,3,9,11,17,23,12,-25,3
"1058",10079,8,11,12,14,18,22,2,21,-10
"1059",10080,8,10,13,14,16,23,16,-1,14
"1060",10081,2,3,9,24,26,27,5,7,-11
"1061",10082,1,8,13,14,27,31,2,3,-3
"1062",10083,2,20,21,22,23,31,12,25,10
"1063",10084,2,10,14,18,20,30,3,-25,-9
"1064",10085,1,8,12,13,24,27,8,-9,5
"1065",10086,5,21,28,29,30,31,8,59,0
"1066",10087,1,8,16,17,25,30,10,-47,2
"1067",10088,5,6,15,23,27,30,12,9,2
"1068",10089,7,8,9,16,23,26,1,-17,-11
"1069",10090,1,6,10,15,25,31,14,-1,13
"1070",10091,6,13,16,20,22,24,16,13,2
"1071",10092,3,13,19,27,28,30,2,19,-14
"1072",10093,9,10,19,28,32,33,6,11,4
"1073",10094,3,5,7,27,31,32,10,-26,4
"1074",10095,9,11,16,17,25,27,14,0,4
"1075",10096,7,12,21,23,24,28,3,10,-11
"1076",10097,10,16,18,21,24,26,1,0,-2
"1077",10098,1,3,8,16,29,33,7,-25,6
"1078",10099,3,4,17,24,27,30,6,15,-1
"1079",10100,1,6,12,22,23,26,8,-15,2
"1080",10101,4,9,18,21,25,26,6,13,-2
"1081",10102,4,11,16,20,22,29,10,-1,4
"1082",10103,6,9,14,17,20,33,9,-3,-1
"1083",10104,7,17,23,24,27,32,2,31,-7
"1084",10105,1,8,9,19,21,31,11,-41,9
"1085",10106,2,6,8,15,26,29,16,-3,5
"1086",10107,8,12,15,17,22,33,16,21,0
"1087",10108,2,4,8,20,23,24,7,-26,-9
"1088",10109,4,15,18,25,29,32,15,42,8
"1089",10110,1,3,12,24,26,27,1,-30,-14
"1090",10111,4,7,8,13,17,18,10,-26,9
"1091",10112,1,8,18,24,29,30,16,43,6
"1092",10113,5,10,15,18,20,28,10,-14,-6
"1093",10114,1,8,11,15,17,25,1,-19,-9
"1094",10115,1,22,24,25,29,33,15,57,14
"1095",10116,5,9,10,20,22,26,7,-42,-8
"1096",10117,1,8,20,22,24,28,1,11,-6
"1097",10118,5,8,11,13,15,25,5,-26,4
"1098",10119,7,17,25,27,30,31,9,60,4
"1099",10120,1,2,5,6,10,29,16,-84,7
"1100",10121,8,11,13,18,25,30,15,52,-1
"1101",10122,2,9,12,16,25,27,6,-14,-9
"1102",10123,6,12,15,18,29,32,10,21,4
"1103",10124,2,6,8,11,12,25,2,-48,-8
"1104",10125,6,7,13,23,28,29,9,42,7
"1105",10126,3,13,18,20,27,28,5,3,-4
"1106",10127,1,4,8,17,25,33,1,-21,-4
"1107",10128,4,11,19,20,24,28,12,18,11
"1108",10129,4,8,14,25,28,32,16,5,4
"1109",10130,1,2,7,15,21,31,16,-34,0
"1110",10131,5,6,15,16,19,26,6,10,-10
"1111",10132,2,10,12,18,24,33,15,12,9
"1112",10133,3,9,17,21,26,32,1,9,-14
"1113",10134,9,15,16,22,27,28,6,9,5
"1114",10135,4,10,13,25,26,30,10,-9,4
"1115",10136,4,10,23,24,26,33,10,12,0
"1116",10137,7,9,10,13,19,33,6,-29,-4
"1117",10138,1,21,23,24,26,30,5,34,-1
"1118",10139,11,13,18,20,26,31,9,-6,4
"1119",10140,1,12,13,18,26,29,15,-20,6
"1120",10141,2,3,7,18,23,27,6,-19,-9
"1121",10142,2,16,18,23,26,27,10,32,4
"1122",10143,2,16,18,23,26,27,10,0,0
"1123",10144,2,3,8,15,19,21,11,-44,1
"1124",10145,3,21,24,27,28,31,8,66,-3
"1125",10146,1,17,18,22,25,32,1,-19,-7
"1126",10147,2,8,15,18,24,30,3,-18,2
"1127",10148,1,3,7,18,23,27,12,-18,9
"1128",10149,2,7,8,16,25,30,9,9,-3
"1129",10150,2,17,18,23,29,30,6,31,-3
"1130",10151,2,13,14,17,19,26,14,-28,8
"1131",10152,4,9,17,21,25,31,1,16,-13
"1132",10153,3,6,12,19,30,31,13,-6,12
"1133",11001,3,9,20,24,26,32,10,13,-3
"1134",11002,6,8,12,17,28,33,5,-10,-5
"1135",11003,13,14,21,22,23,27,4,16,-1
"1136",11004,4,6,8,10,13,26,5,-53,1
"1137",11005,6,9,12,14,20,22,13,16,8
"1138",11006,1,3,5,13,16,18,5,-27,-8
"1139",11007,1,9,17,24,26,31,5,52,0
"1140",11008,10,12,13,17,24,31,15,-1,10
"1141",11009,17,18,23,24,25,26,4,26,-11
"1142",11010,1,4,5,9,15,19,13,-80,9
"1143",11011,1,12,18,19,21,24,10,42,-3
"1144",11012,7,8,11,13,15,26,13,-15,3
"1145",11013,1,3,13,16,21,22,8,-4,-5
"1146",11014,5,7,10,11,23,26,16,6,8
"1147",11015,3,6,13,26,27,29,7,22,-9
"1148",11016,3,4,16,17,22,29,13,-13,6
"1149",11017,2,6,15,23,26,33,8,14,-5
"1150",11018,13,15,18,28,30,33,1,32,-7
"1151",11019,2,4,12,19,32,33,16,-35,15
"1152",11020,12,16,17,19,24,30,5,16,-11
"1153",11021,1,2,14,18,25,31,8,-27,3
"1154",11022,2,7,14,16,17,21,5,-14,-3
"1155",11023,2,3,6,21,22,25,5,2,0
"1156",11024,5,7,10,19,26,31,14,19,9
"1157",11025,8,25,26,31,32,33,9,57,-5
"1158",11026,7,8,17,19,21,26,12,-57,3
"1159",11027,13,18,21,22,25,26,1,27,-11
"1160",11028,1,4,5,14,16,17,1,-68,0
"1161",11029,1,4,9,10,20,31,7,18,6
"1162",11030,2,9,19,24,25,33,10,37,3
"1163",11031,16,17,24,28,29,32,12,34,2
"1164",11032,3,5,7,13,14,15,15,-89,3
"1165",11033,2,8,12,13,19,29,4,26,-11
"1166",11034,13,14,17,19,24,31,8,35,4
"1167",11035,13,14,18,20,27,31,2,5,-6
"1168",11036,2,11,20,22,24,31,5,-13,3
"1169",11037,1,3,4,6,17,25,11,-54,6
"1170",11038,2,14,15,19,23,24,12,41,1
"1171",11039,3,7,10,16,24,29,13,-8,1
"1172",11040,5,11,14,24,26,28,13,19,0
"1173",11041,4,10,12,13,30,32,13,-7,0
"1174",11042,5,13,15,17,19,21,15,-11,2
"1175",11043,4,13,14,17,25,31,4,14,-11
"1176",11044,3,14,16,26,27,31,9,13,5
"1177",11045,2,16,17,20,26,32,8,-4,-1
"1178",11046,9,17,18,26,29,30,8,16,0
"1179",11047,4,13,23,25,27,33,14,-4,6
"1180",11048,10,14,18,25,26,27,15,-5,1
"1181",11049,1,11,17,18,27,31,14,-15,-1
"1182",11050,4,5,19,22,28,29,15,2,1
"1183",11051,1,7,11,14,15,16,14,-43,-1
"1184",11052,4,5,8,19,27,28,8,27,-6
"1185",11053,3,6,10,12,22,30,15,-8,7
"1186",11054,8,11,16,17,22,33,8,24,-7
"1187",11055,8,13,16,17,29,32,16,8,8
"1188",11056,13,16,19,20,23,25,10,1,-6
"1189",11057,4,6,20,21,26,33,2,-6,-8
"1190",11058,7,18,22,30,32,33,6,32,4
"1191",11059,24,26,27,29,31,33,16,28,10
"1192",11060,10,11,13,21,27,31,1,-57,-15
"1193",11061,2,3,8,13,19,21,3,-47,2
"1194",11062,4,8,9,10,29,30,3,24,0
"1195",11063,4,6,13,15,18,19,5,-15,2
"1196",11064,3,6,7,29,30,33,2,33,-3
"1197",11065,4,16,23,25,27,29,3,16,1
"1198",11066,4,6,14,17,30,32,12,-21,9
"1199",11067,17,19,20,24,25,27,12,29,0
"1200",11068,3,7,10,15,19,24,10,-54,-2
"1201",11069,2,13,16,18,24,30,12,25,2
"1202",11070,1,3,5,12,21,28,12,-33,0
"1203",11071,1,2,15,22,28,30,2,28,-10
"1204",11072,1,6,10,11,18,27,12,-25,10
"1205",11073,3,4,5,12,17,21,14,-11,2
"1206",11074,2,21,26,28,29,32,1,76,-13
"1207",11075,7,9,10,12,31,32,13,-37,12
"1208",11076,6,19,21,26,32,33,13,36,0
"1209",11077,1,7,8,15,26,29,10,-51,-3
"1210",11078,3,5,13,20,22,29,9,6,-1
"1211",11079,3,14,15,16,24,29,5,9,-4
"1212",11080,2,7,9,25,31,32,9,5,4
"1213",11081,6,14,19,23,25,32,12,13,3
"1214",11082,7,16,17,20,25,26,4,-8,-8
"1215",11083,7,16,18,24,28,29,6,11,2
"1216",11084,9,10,12,16,18,32,15,-25,9
"1217",11085,3,6,11,21,24,31,10,-1,-5
"1218",11086,6,7,9,12,17,24,9,-21,-1
"1219",11087,2,3,4,5,18,28,1,-15,-8
"1220",11088,3,9,17,20,21,29,4,39,3
"1221",11089,1,2,11,24,29,30,12,-2,8
"1222",11090,2,5,14,18,21,25,16,-12,4
"1223",11091,9,15,21,23,28,30,3,41,-13
"1224",11092,5,10,17,26,31,32,4,-5,1
"1225",11093,4,7,11,13,23,30,9,-33,5
"1226",11094,9,11,12,17,18,19,5,-2,-4
"1227",11095,3,7,8,10,23,24,5,-11,0
"1228",11096,1,4,7,13,14,19,15,-17,10
"1229",11097,9,17,19,20,21,26,16,54,1
"1230",11098,3,7,20,21,22,32,5,-7,-11
"1231",11099,10,12,13,21,26,27,14,4,9
"1232",11100,7,11,21,23,31,32,5,16,-9
"1233",11101,6,10,19,23,29,31,6,-7,1
"1234",11102,1,5,13,21,27,31,11,-20,5
"1235",11103,4,5,10,13,15,16,12,-35,1
"1236",11104,9,10,16,20,25,29,9,46,-3
"1237",11105,4,6,23,25,27,28,1,4,-8
"1238",11106,2,11,12,14,24,32,14,-18,13
"1239",11107,4,9,16,17,22,29,15,2,1
"1240",11108,2,17,22,26,29,33,10,32,-5
"1241",11109,1,3,9,15,16,33,15,-52,5
"1242",11110,12,14,21,26,28,33,12,57,-3
"1243",11111,1,3,5,20,25,27,4,-53,-8
"1244",11112,3,5,16,18,23,24,15,8,11
"1245",11113,6,10,11,25,32,33,5,28,-10
"1246",11114,1,14,15,16,30,32,9,-9,4
"1247",11115,7,8,9,12,17,33,16,-22,7
"1248",11116,1,7,11,12,17,27,5,-11,-11
"1249",11117,8,10,19,26,28,30,4,46,-1
"1250",11118,5,6,11,14,20,21,10,-44,6
"1251",11119,9,12,14,19,28,32,1,37,-9
"1252",11120,4,14,17,28,30,33,7,12,6
"1253",11121,4,14,22,25,32,33,2,4,-5
"1254",11122,10,12,18,26,27,31,3,-6,1
"1255",11123,1,4,5,14,19,28,16,-53,13
"1256",11124,9,18,19,26,31,32,16,64,0
"1257",11125,3,10,15,24,27,32,8,-24,-8
"1258",11126,3,7,13,18,23,26,16,-21,8
"1259",11127,16,19,22,23,27,29,11,46,-5
"1260",11128,9,11,14,17,19,23,12,-43,1
"1261",11129,7,10,11,21,23,26,6,5,-6
"1262",11130,7,14,18,23,25,32,15,21,9
"1263",11131,2,7,9,17,21,25,1,-38,-14
"1264",11132,2,5,12,13,25,33,7,9,6
"1265",11133,12,14,20,21,25,31,16,33,9
"1266",11134,1,2,6,7,30,31,10,-46,-6
"1267",11135,12,13,17,20,25,26,12,36,2
"1268",11136,2,4,6,20,22,31,7,-28,-5
"1269",11137,2,11,18,23,30,33,13,32,6
"1270",11138,1,5,15,24,28,32,7,-12,-6
"1271",11139,8,20,24,27,30,31,3,35,-4
"1272",11140,4,18,20,22,27,29,6,-20,3
"1273",11141,2,4,6,19,24,29,11,-36,5
"1274",11142,12,15,16,26,29,31,2,45,-9
"1275",11143,7,8,12,14,15,30,16,-43,14
"1276",11144,1,2,9,10,16,24,3,-24,-13
"1277",11145,2,4,14,15,26,30,4,29,1
"1278",11146,11,23,26,28,32,33,10,62,6
"1279",11147,4,8,12,17,18,30,10,-64,0
"1280",11148,5,14,22,23,25,26,14,26,4
"1281",11149,4,5,6,7,23,31,16,-39,2
"1282",11150,8,10,12,15,22,27,13,18,-3
"1283",11151,7,11,16,19,31,33,10,23,-3
"1284",11152,4,10,11,12,21,26,13,-33,3
"1285",11153,5,8,9,10,20,25,13,-7,0
"1286",12001,1,4,5,9,15,17,6,-26,-7
"1287",12002,2,3,7,9,10,32,13,12,7
"1288",12003,3,6,8,24,29,31,9,38,-4
"1289",12004,1,5,10,11,21,23,16,-30,7
"1290",12005,7,9,18,27,31,33,6,54,-10
"1291",12006,2,22,25,29,32,33,8,18,2
"1292",12007,10,17,19,27,28,32,4,-10,-4
"1293",12008,1,12,20,23,24,29,8,-24,4
"1294",12009,4,16,24,26,27,33,11,21,3
"1295",12010,1,3,13,19,25,26,10,-43,-1
"1296",12011,4,14,15,16,20,26,5,8,-5
"1297",12012,15,17,18,20,23,27,1,25,-4
"1298",12013,6,8,24,29,30,32,13,9,12
"1299",12014,1,2,5,16,28,30,12,-47,-1
"1300",12015,1,3,6,10,21,23,15,-18,3
"1301",12016,2,5,12,17,22,25,8,19,-7
"1302",12017,6,9,14,19,25,28,10,18,2
"1303",12018,3,5,6,22,26,32,15,-7,5
"1304",12019,7,14,18,20,22,30,16,17,1
"1305",12020,3,8,12,18,23,29,11,-18,-5
"1306",12021,1,15,16,18,22,30,3,9,-8
"1307",12022,4,8,12,24,26,27,4,-1,1
"1308",12023,5,9,15,23,24,33,2,8,-2
"1309",12024,4,12,19,21,25,28,13,0,11
"1310",12025,3,8,9,17,25,27,6,-20,-7
"1311",12026,3,7,9,15,24,25,16,-6,10
"1312",12027,4,16,22,25,30,31,12,45,-4
"1313",12028,10,15,20,21,28,30,11,-4,-1
"1314",12029,4,7,15,25,26,28,3,-19,-8
"1315",12030,9,10,17,18,21,31,8,1,5
"1316",12031,4,16,22,24,27,31,3,18,-5
"1317",12032,1,2,10,17,22,24,4,-48,1
"1318",12033,2,3,15,16,17,27,4,4,0
"1319",12034,2,3,8,23,32,33,16,21,12
"1320",12035,9,11,12,21,24,26,5,2,-11
"1321",12036,2,11,13,18,19,26,9,-14,4
"1322",12037,5,14,19,24,28,33,9,34,0
"1323",12038,9,10,11,15,19,33,16,-26,7
"1324",12039,1,2,5,13,22,29,8,-25,-8
"1325",12040,1,2,5,13,22,29,8,0,0
"1326",12041,8,11,15,20,24,32,2,38,-6
"1327",12042,5,6,11,19,24,28,16,-17,14
"1328",12043,2,9,11,21,26,33,3,9,-13
"1329",12044,6,9,10,14,22,25,3,-16,0
"1330",12045,8,11,20,21,27,30,9,31,6
"1331",12046,4,12,19,20,23,33,6,-6,-3
"1332",12047,6,7,11,16,32,33,11,-6,5
"1333",12048,1,5,14,22,24,30,10,-9,-1
"1334",12049,4,12,13,19,20,32,2,4,-8
"1335",12050,7,13,15,17,19,24,11,-5,9
"1336",12051,2,12,14,17,30,31,9,11,-2
"1337",12052,2,3,5,6,20,24,4,-46,-5
"1338",12053,4,15,22,25,27,33,4,66,0
"1339",12054,6,14,18,20,30,33,14,-5,10
"1340",12055,4,6,13,20,24,28,1,-26,-13
"1341",12056,4,7,14,17,26,31,10,4,9
"1342",12057,3,5,19,21,27,31,4,7,-6
"1343",12058,3,6,15,20,25,26,4,-11,0
"1344",12059,4,13,21,22,26,31,1,22,-3
"1345",12060,7,10,13,16,17,29,1,-25,0
"1346",12061,3,8,11,12,14,18,14,-26,13
"1347",12062,2,13,16,17,20,31,7,33,-7
"1348",12063,2,10,17,19,24,27,12,0,5
"1349",12064,5,10,11,16,23,24,11,-10,-1
"1350",12065,8,10,18,19,27,31,14,24,3
"1351",12066,1,2,9,26,29,33,12,-13,-2
"1352",12067,4,5,10,21,26,30,16,-4,4
"1353",12068,5,17,22,26,32,33,10,39,-6
"1354",12069,8,10,11,18,20,29,6,-39,-4
"1355",12070,2,3,4,24,31,32,11,0,5
"1356",12071,3,4,19,21,22,23,8,-4,-3
"1357",12072,2,3,7,9,13,30,6,-28,-2
"1358",12073,4,7,9,10,17,27,5,10,-1
"1359",12074,15,16,18,19,28,32,8,54,3
"1360",12075,4,6,22,23,29,32,11,-12,3
"1361",12076,11,18,22,27,29,30,15,21,4
"1362",12077,2,4,13,18,26,28,12,-46,-3
"1363",12078,8,15,22,24,28,33,12,39,0
"1364",12079,6,7,12,24,30,33,12,-18,0
"1365",12080,4,9,14,15,16,27,3,-27,-9
"1366",12081,2,5,10,24,25,29,6,10,3
"1367",12082,2,4,11,18,22,29,6,-9,0
"1368",12083,4,9,14,15,26,33,4,15,-2
"1369",12084,2,10,20,26,28,29,14,14,10
"1370",12085,5,17,24,30,31,33,5,25,-9
"1371",12086,8,9,13,15,22,23,8,-50,3
"1372",12087,3,10,11,13,14,22,9,-17,1
"1373",12088,3,5,23,24,27,31,15,40,6
"1374",12089,3,7,10,13,14,25,11,-41,-4
"1375",12090,2,13,20,25,29,30,11,47,0
"1376",12091,1,5,7,8,19,21,16,-58,5
"1377",12092,6,13,17,18,28,32,3,53,-13
"1378",12093,3,5,19,21,24,33,13,-9,10
"1379",12094,6,9,14,16,23,33,15,-4,2
"1380",12095,17,24,27,28,29,30,2,54,-13
"1381",12096,4,7,11,16,29,33,7,-55,5
"1382",12097,5,8,13,14,19,22,6,-19,-1
"1383",12098,2,12,19,26,29,31,9,38,3
"1384",12099,8,12,15,16,21,27,16,-20,7
"1385",12100,5,7,15,18,25,33,10,4,-6
"1386",12101,9,12,17,18,20,33,2,6,-8
"1387",12102,13,25,27,28,29,30,15,43,13
"1388",12103,4,9,11,14,32,33,2,-49,-13
"1389",12104,4,5,9,10,19,28,3,-28,1
"1390",12105,6,13,14,15,17,30,4,20,1
"1391",12106,13,14,20,22,23,32,16,29,12
"1392",12107,11,12,15,24,25,31,9,-6,-7
"1393",12108,1,9,12,13,19,28,13,-36,4
"1394",12109,2,12,24,26,29,31,3,42,-10
"1395",10110,3,7,10,13,22,32,9,-37,6
"1396",12111,2,9,10,20,22,31,13,7,4
"1397",12112,8,15,20,21,27,31,6,28,-7
"1398",12113,3,6,9,13,18,32,6,-41,0
"1399",12114,1,6,11,26,27,29,15,19,9
"1400",12115,3,8,20,24,26,32,14,13,-1
"1401",12116,3,21,26,29,3,132,3,101,-11
"1402",12117,13,15,18,20,24,28,9,-96,6
"1403",12118,5,6,7,12,15,28,11,-45,2
"1404",12119,12,20,25,26,27,28,13,65,2
"1405",12120,1,4,20,24,28,29,16,-32,3
"1406",12121,1,7,8,20,23,24,11,-23,-5
"1407",12122,12,13,19,22,28,29,11,40,0
"1408",12123,8,10,16,25,28,33,9,-3,-2
"1409",12124,6,7,21,25,27,33,11,-1,2
"1410",12125,8,12,13,26,29,33,1,2,-10
"1411",12126,3,5,12,15,23,24,7,-39,6
"1412",12127,1,9,11,21,26,32,8,18,1
"1413",12128,5,9,12,29,30,31,5,16,-3
"1414",12129,1,7,9,17,21,29,1,-32,-4
"1415",12130,1,3,15,20,22,31,3,8,2
"1416",12131,6,18,19,26,28,32,12,37,9
"1417",12132,7,12,16,17,21,25,10,-31,-2
"1418",12133,1,8,11,20,21,29,2,-8,-8
"1419",12134,2,5,6,7,13,23,15,-34,13
"1420",12135,2,5,7,8,11,17,16,-6,1
"1421",12136,2,7,8,17,21,28,11,33,-5
"1422",12137,1,2,4,6,13,17,7,-40,-4
"1423",12138,1,7,16,17,19,21,14,38,7
"1424",12139,8,19,21,24,28,31,15,50,1
"1425",12140,14,18,27,30,31,33,15,22,0
"1426",12141,3,5,8,19,20,27,9,-71,-6
"1427",12142,5,18,22,28,29,31,6,51,-3
"1428",12143,7,8,18,25,30,32,6,-13,0
"1429",12144,3,10,12,13,27,30,4,-25,-2
"1430",12145,5,20,26,27,28,33,3,44,-1
"1431",12146,1,5,7,13,29,32,13,-52,10
"1432",12147,2,12,15,23,24,32,9,21,-4
"1433",12148,3,6,11,17,21,31,7,-19,-2
"1434",12149,1,5,13,25,26,32,13,13,6
"1435",12150,9,11,17,23,24,26,7,8,-6
"1436",12151,5,14,24,25,26,32,1,16,-6
"1437",12152,10,12,18,22,28,29,7,-7,6
"1438",12153,4,5,11,21,27,28,10,-23,3
"1439",12154,5,7,12,16,28,32,4,4,-6
"1440",13001,6,8,14,15,24,25,6,-8,2
"1441",13002,1,16,18,22,28,30,12,23,6
"1442",13003,22,23,26,27,28,33,9,44,-3
"1443",13004,6,10,16,20,27,32,8,-48,-1
"1444",13005,1,13,14,25,31,32,12,5,4
"1445",13006,9,10,13,17,22,30,13,-15,1
"1446",13007,2,9,15,22,26,32,1,5,-12
"1447",13008,3,8,17,21,25,32,15,0,14
"1448",13009,1,4,9,13,16,23,2,-40,-13
"1449",13010,1,9,11,17,32,33,12,37,10
"1450",13011,3,12,17,24,27,29,9,9,-3
"1451",13012,6,14,17,22,28,29,2,4,-7
"1452",13013,5,6,13,19,22,28,9,-23,7
"1453",13014,2,4,5,17,19,20,8,-26,-1
"1454",13015,5,6,7,11,13,18,15,-7,7
"1455",13016,2,5,6,12,14,28,5,7,-10
"1456",13017,4,6,12,30,31,32,9,48,4
"1457",13018,2,8,13,28,29,30,5,-5,-4
"1458",13019,1,2,5,16,20,26,6,-40,1
"1459",13020,1,7,8,12,16,21,1,-5,-5
"1460",13021,1,6,17,19,26,31,11,35,10
"1461",13022,2,4,7,9,15,20,7,-43,-4
"1462",13023,3,6,15,18,30,32,5,47,-2
"1463",13024,4,5,13,23,27,30,9,-2,4
"1464",13025,16,17,18,24,25,30,8,28,-1
"1465",13026,4,11,14,15,22,31,11,-33,3
"1466",13027,1,2,4,12,21,24,12,-33,1
"1467",13028,7,8,14,25,26,28,13,44,1
"1468",13029,6,7,10,19,23,29,12,-14,-1
"1469",13030,7,14,18,25,26,29,6,25,-6
"1470",13031,3,13,14,15,21,33,3,-20,-3
"1471",13032,4,21,25,29,30,33,3,43,0
"1472",13033,5,6,13,17,19,28,1,-54,-2
"1473",13034,6,15,20,22,26,33,9,34,8
"1474",13035,1,14,15,17,26,30,2,-19,-7
"1475",13036,4,5,9,27,29,31,13,2,11
"1476",13037,2,15,18,27,28,32,14,17,1
"1477",13038,9,10,12,14,15,19,11,-43,-3
"1478",13039,1,2,14,15,24,29,6,6,-5
"1479",13040,2,4,10,12,17,30,10,-10,4
"1480",13041,2,10,12,17,23,24,5,13,-5
"1481",13042,1,8,12,13,15,33,3,-6,-2
"1482",13043,3,6,14,15,17,25,16,-2,13
"1483",13044,3,5,11,18,26,28,6,11,-10
"1484",13045,6,7,8,14,23,31,12,-2,6
"1485",13046,3,16,19,20,24,26,6,19,-6
"1486",13047,1,8,11,17,27,30,12,-14,6
"1487",13048,10,13,17,28,30,32,4,36,-8
"1488",13049,10,13,14,16,21,32,14,-24,10
"1489",13050,3,7,13,18,22,25,3,-18,-11
"1490",13051,8,12,15,19,28,29,2,23,-1
"1491",13052,6,7,14,21,22,24,13,-17,11
"1492",13053,3,12,13,22,30,33,14,19,1
"1493",13054,3,4,8,14,21,28,14,-35,0
"1494",13055,8,18,19,22,27,32,6,48,-8
"1495",13056,3,12,25,26,28,29,16,-3,10
"1496",13057,13,16,19,23,26,28,5,2,-11
"1497",13058,8,11,17,21,23,24,5,-21,0
"1498",13059,3,10,18,24,27,29,9,7,4
"1499",13060,5,7,10,13,19,20,15,-37,6
"1500",13061,5,6,7,12,13,18,12,-13,-3
"1501",13062,1,6,7,19,22,27,2,21,-10
"1502",13063,10,15,18,20,23,31,12,35,10
"1503",13064,1,9,13,22,25,32,12,-15,0
"1504",13065,7,18,19,23,29,30,2,24,-10
"1505",13066,1,3,16,17,20,32,7,-37,5
"1506",13067,1,4,9,15,22,30,6,-8,-1
"1507",13068,2,7,13,20,25,27,6,13,0
"1508",13069,7,16,17,18,30,33,6,27,0
"1509",13070,2,3,9,10,28,30,6,-39,0
"1510",13071,5,12,21,23,26,28,9,33,3
"1511",13072,2,8,11,14,19,33,9,-28,0
"1512",13073,2,9,13,17,20,28,11,2,2
"1513",13074,3,6,8,14,19,32,3,-7,-8
"1514",13075,4,6,9,25,30,33,14,25,11
"1515",13076,14,23,24,26,29,30,3,39,-11
"1516",13077,9,14,23,24,26,29,3,-21,0
"1517",13078,3,5,17,18,26,27,15,-29,12
"1518",13079,7,13,17,19,22,26,13,8,-2
"1519",13080,10,11,12,23,28,32,16,12,3
"1520",13081,1,4,10,13,21,31,13,-36,-3
"1521",13082,4,13,14,20,22,30,6,23,-7
"1522",13083,5,6,12,14,19,23,9,-24,3
"1523",13084,5,7,9,11,20,21,3,-6,-6
"1524",13085,2,8,12,14,16,32,16,11,13
"1525",13086,2,4,11,13,16,26,11,-12,-5
"1526",13087,2,13,19,23,24,28,5,37,-6
"1527",13088,9,15,20,21,22,24,14,2,9
"1528",13089,4,8,12,19,21,25,13,-22,-1
"1529",13090,2,5,11,23,24,29,8,5,-5
"1530",13091,4,14,24,25,28,31,10,32,2
"1531",13092,7,11,15,21,26,31,6,-15,-4
"1532",13093,1,2,8,26,29,31,14,-14,8
"1533",13094,2,4,14,18,20,22,7,-17,-7
"1534",13095,1,6,15,19,28,29,10,18,3
"1535",13096,1,2,22,28,29,30,15,14,5
"1536",13097,5,14,17,22,23,25,7,-6,-8
"1537",13098,7,15,18,19,20,26,14,-1,7
"1538",13099,5,11,20,21,26,31,3,9,-11
"1539",13100,4,8,11,14,16,20,11,-41,8
"1540",13101,5,7,9,23,27,32,1,30,-10
"1541",13102,2,4,5,6,8,16,3,-62,2
"1542",13103,2,4,9,13,18,20,7,25,4
"1543",13104,1,2,4,15,17,28,11,1,4
"1544",13105,1,11,23,27,31,32,9,58,-2
"1545",13106,9,11,23,30,31,32,6,11,-3
"1546",13107,7,9,11,17,28,31,11,-33,5
"1547",13108,16,21,22,28,31,32,5,47,-6
"1548",13109,9,23,24,27,29,32,8,-6,3
"1549",13110,15,17,18,21,29,32,13,-12,5
"1550",13111,1,2,3,6,8,33,13,-79,0
"1551",13112,1,6,12,13,22,31,7,32,-6
"1552",13113,4,7,11,17,24,33,9,11,2
"1553",13114,4,6,17,21,23,33,7,8,-2
"1554",13115,3,12,16,17,18,27,8,-11,1
"1555",13116,12,15,21,26,32,33,7,46,-1
"1556",13117,9,12,13,24,27,33,16,-21,9
"1557",13118,2,3,17,22,32,33,16,-9,0
"1558",13119,5,15,20,22,26,32,9,11,-7
"1559",13120,5,6,13,18,23,31,11,-24,2
"1560",13121,4,5,6,7,25,27,7,-22,-4
"1561",13122,7,10,13,15,26,27,11,24,4
"1562",13123,1,2,6,11,17,25,2,-36,-9
"1563",13124,3,9,15,23,25,30,7,43,5
"1564",13125,4,6,8,18,25,28,16,-16,9
"1565",13126,4,10,19,27,31,33,16,35,0
"1566",13127,2,3,13,20,22,33,14,-31,-2
"1567",13128,7,13,17,19,25,31,8,19,-6
"1568",13129,5,6,10,14,27,31,14,-19,6
"1569",13130,1,3,15,16,31,33,8,6,-6
"1570",13131,4,6,12,17,19,26,9,-15,1
"1571",13132,4,6,12,17,19,26,9,0,0
"1572",13133,4,7,12,19,22,25,1,5,-8
"1573",13134,1,17,18,19,25,29,10,20,9
"1574",13135,9,23,24,25,29,31,12,32,2
"1575",13136,4,6,14,16,18,26,6,-57,-6
"1576",13137,4,17,19,23,24,27,10,30,4
"1577",13138,4,15,16,24,27,28,3,0,-7
"1578",13139,7,8,11,13,21,27,8,-27,5
"1579",13140,1,5,12,13,21,22,10,-13,2
"1580",13141,3,4,5,25,30,31,4,24,-6
"1581",13142,11,12,14,20,22,29,14,10,10
"1582",13143,12,18,21,22,27,32,11,24,-3
"1583",13144,5,7,12,19,27,31,2,-31,-9
"1584",13145,6,10,13,16,23,24,15,-9,13
"1585",13146,8,20,25,30,32,33,1,56,-14
"1586",13147,2,15,16,17,19,30,8,-49,7
"1587",13148,6,11,12,14,17,22,1,-17,-7
"1588",13149,9,18,25,26,30,32,11,58,10
"1589",13150,1,15,16,25,26,29,10,-28,-1
"1590",13151,3,9,10,19,28,33,9,-10,-1
"1591",13152,4,6,14,16,18,29,5,-15,-4
"1592",13153,8,11,13,18,28,33,10,24,5
"1593",13154,7,11,14,19,24,29,5,-7,-5
"1594",14001,3,9,15,20,27,29,1,-1,-4
"1595",14002,4,21,23,31,32,33,4,41,3
"1596",14003,6,10,11,28,30,33,12,-26,8
"1597",14004,1,4,19,22,24,25,15,-23,3
"1598",14005,15,18,23,27,32,33,4,53,-11
"1599",14006,3,4,7,17,21,27,14,-69,10
"1600",14007,8,10,12,14,18,28,14,11,0
"1601",14008,5,14,16,21,29,30,12,25,-2
"1602",14009,8,9,19,20,25,32,16,-2,4
"1603",14010,5,7,8,20,31,33,11,-9,-5
"1604",14011,9,10,13,14,21,32,2,-5,-9
"1605",14012,1,8,11,19,21,24,8,-15,6
"1606",14013,5,9,13,15,17,21,13,-4,5
"1607",14014,4,9,19,22,25,29,15,28,2
"1608",14015,2,11,19,30,32,33,9,19,-6
"1609",14016,2,3,7,13,21,24,8,-57,-1
"1610",14017,4,6,7,14,25,26,10,12,2
"1611",14018,13,17,18,21,30,33,15,50,5
"1612",14019,2,10,15,19,20,21,7,-45,-8
"1613",14020,9,14,17,23,24,25,15,25,8
"1614",14021,8,10,15,17,22,29,12,-11,-3
"1615",14022,4,6,7,10,21,26,16,-27,4
"1616",14023,7,9,13,17,21,22,10,15,-6
"1617",14024,8,10,16,20,23,30,9,18,-1
"1618",14025,1,5,10,14,16,30,16,-31,7
"1619",14026,1,2,5,6,11,23,14,-28,-2
"1620",14027,8,10,14,16,30,31,1,61,-13
"1621",14028,6,16,21,27,30,32,5,23,4
"1622",14029,2,7,14,16,21,29,14,-43,9
"1623",14030,12,18,19,23,24,30,10,37,-4
"1624",14031,4,10,16,17,21,27,14,-31,4
"1625",14032,1,2,14,22,29,33,7,6,-7
"1626",14033,5,13,23,28,32,33,12,33,5
"1627",14034,1,3,4,8,25,31,6,-62,-6
"1628",14035,7,8,9,17,32,33,6,34,0
"1629",14036,1,7,8,9,11,22,3,-48,-3
"1630",14037,6,13,14,24,25,30,7,54,4
"1631",14038,4,7,22,23,24,33,16,1,9
"1632",14039,3,11,15,19,20,31,7,-14,-9
"1633",14040,3,4,6,11,12,15,8,-48,1
"1634",14041,7,11,16,18,21,22,2,44,-6
"1635",14042,12,15,20,25,28,33,14,38,12
"1636",14043,2,5,9,14,24,33,9,-46,-5
"1637",14044,4,9,21,27,28,33,12,35,3
"1638",14045,2,4,9,11,19,22,15,-55,3
"1639",14046,2,10,11,17,18,22,10,13,-5
"1640",14047,8,10,11,12,19,29,15,9,5
"1641",14048,6,9,16,17,24,25,16,8,1
"1642",14049,6,7,16,17,23,32,6,4,-10
"1643",14050,3,17,23,25,26,32,13,25,7
"1644",14051,10,16,19,21,23,24,13,-13,0
"1645",14052,9,13,15,28,30,33,8,15,-5
"1646",14053,14,17,19,22,26,31,2,1,-6
"1647",14054,1,4,5,11,29,30,14,-49,12
"1648",14055,2,9,14,19,21,30,4,15,-10
"1649",14056,1,11,18,20,28,29,1,12,-3
"1650",14057,2,4,12,18,23,31,8,-17,7
"1651",14058,2,3,12,13,14,25,11,-21,3
"1652",14059,5,8,12,13,23,25,13,17,2
"1653",14060,3,5,14,18,25,33,6,12,-7
"1654",14061,2,14,17,27,28,31,8,21,2
"1655",14062,6,9,15,24,25,26,9,-14,1
"1656",14063,3,8,17,21,22,31,16,-3,7
"1657",14064,2,9,15,16,29,32,14,1,-2
"1658",14065,3,4,5,8,10,22,6,-51,-8
"1659",14066,2,5,15,17,18,21,16,26,10
"1660",14067,1,6,7,17,18,23,6,-6,-10
"1661",14068,4,12,13,22,27,29,16,35,10
"1662",14069,5,12,17,19,25,30,11,1,-5
"1663",14070,1,7,9,19,28,29,7,-15,-4
"1664",14071,2,4,12,17,22,25,14,-11,7
"1665",14072,1,3,7,13,19,32,16,-7,2
"1666",14073,1,12,16,20,30,33,2,37,-14
"1667",14074,1,3,6,13,30,31,12,-28,10
"1668",14075,3,9,11,22,27,29,6,17,-6
"1669",14076,6,10,12,17,18,33,11,-5,5
"1670",14077,8,9,12,15,19,22,10,-11,-1
"1671",14078,2,3,5,6,9,17,7,-43,-3
"1672",14079,2,7,16,22,27,28,2,60,-5
"1673",14080,5,14,16,17,25,30,7,5,5
"1674",14081,8,14,22,24,27,29,10,17,3
"1675",14082,2,4,20,25,26,29,11,-18,1
"1676",14083,5,6,19,21,23,33,12,1,1
"1677",14084,1,6,9,10,13,25,8,-43,-4
"1678",14085,1,2,11,19,23,29,8,21,0
"1679",14086,2,4,10,12,14,30,8,-13,0
"1680",14087,6,18,22,23,32,33,6,62,-2
"1681",14088,3,6,11,14,16,29,15,-55,9
"1682",14089,4,6,14,17,27,30,9,19,-6
"1683",14090,5,9,11,19,24,32,13,2,4
"1684",14091,1,5,12,19,27,29,14,-7,1
"1685",14092,3,13,18,19,22,26,7,8,-7
"1686",14093,2,8,9,10,20,29,5,-23,-2
"1687",14094,1,10,18,20,23,29,1,23,-4
"1688",14095,5,6,8,14,22,31,8,-15,7
"1689",14096,12,14,17,19,22,24,8,22,0
"1690",14097,7,13,24,25,27,32,15,20,7
"1691",14098,2,13,17,20,29,31,7,-16,-8
"1692",14099,1,5,10,11,13,32,14,-40,7
"1693",14100,1,6,9,10,14,16,11,-16,-3
"1694",14101,16,18,20,23,24,32,7,77,-4
"1695",14102,14,16,21,24,28,31,13,1,6
"1696",14103,3,8,9,10,18,33,4,-53,-9
"1697",14104,2,6,12,19,27,28,13,13,9
"1698",14105,14,16,17,19,27,32,4,31,-9
"1699",14106,9,14,17,18,21,25,15,-21,11
"1700",14107,11,14,17,22,25,27,16,12,1
"1701",14108,3,8,9,20,23,28,2,-25,-14
"1702",14109,2,5,11,15,19,28,2,-11,0
"1703",14110,1,8,11,13,19,30,6,2,4
"1704",14111,2,8,17,20,22,28,2,15,-4
"1705",14112,1,15,16,21,24,30,3,10,1
"1706",14113,12,14,28,31,32,33,7,43,4
"1707",14114,2,7,23,30,32,33,10,-23,3
"1708",14115,1,9,10,11,13,32,3,-51,-7
"1709",14116,9,10,14,15,19,29,16,20,13
"1710",14117,5,10,17,25,28,29,4,18,-12
"1711",14118,5,7,15,18,26,30,3,-13,-1
"1712",14119,6,13,17,20,26,29,9,10,6
"1713",14120,1,7,12,16,23,28,4,-24,-5
"1714",14121,1,2,13,22,28,30,9,9,5
"1715",14122,6,9,11,16,20,29,11,-5,2
"1716",14123,1,6,11,17,28,33,5,5,-6
"1717",14124,2,17,20,24,31,33,4,31,-1
"1718",14125,10,11,15,26,31,32,6,-2,2
"1719",14126,6,11,16,17,22,27,1,-26,-5
"1720",14127,2,10,12,21,23,27,12,-4,11
"1721",14128,5,7,8,17,18,24,14,-16,2
"1722",14129,5,8,9,20,28,32,2,23,-12
"1723",14130,1,2,10,24,30,33,10,-2,8
"1724",14131,5,17,21,22,28,32,14,25,4
"1725",14132,5,6,14,15,18,33,8,-34,-6
"1726",14133,13,14,16,23,30,31,13,36,5
"1727",14134,5,16,22,23,26,28,2,-7,-11
"1728",14135,2,4,11,13,25,33,1,-32,-1
"1729",14136,3,16,19,27,31,32,10,40,9
"1730",14137,3,6,9,11,25,29,9,-45,-1
"1731",14138,4,6,13,29,31,33,13,33,4
"1732",14139,1,14,15,20,25,29,11,-12,-2
"1733",14140,6,10,11,14,17,33,6,-13,-5
"1734",14141,8,9,11,16,21,24,10,-2,4
"1735",14142,6,21,22,23,25,28,13,36,3
"1736",14143,3,12,18,20,25,26,16,-21,3
"1737",14144,3,5,6,9,10,27,14,-44,-2
"1738",14145,10,12,13,23,26,29,11,53,-3
"1739",14146,1,6,13,20,29,32,1,-12,-10
"1740",14147,6,7,22,26,31,32,10,23,9
"1741",14148,1,2,5,12,15,16,13,-73,3
"1742",14149,7,9,10,15,19,33,1,42,-12
"1743",14150,3,8,14,22,24,32,9,10,8
"1744",14151,4,5,8,11,21,27,8,-27,-1
"1745",14152,8,13,15,20,21,25,12,26,4
"1746",15001,1,7,9,16,20,23,6,-26,-6
"1747",15002,7,15,16,25,28,32,5,47,-1
"1748",15003,10,15,20,23,24,31,15,0,10
"1749",15004,2,14,15,16,23,24,10,-29,-5
"1750",15005,7,10,16,17,18,32,15,6,5
"1751",15006,1,10,11,29,31,33,13,15,-2
"1752",15007,1,7,9,17,20,33,8,-28,-5
"1753",15008,4,7,10,16,20,22,3,-8,-5
"1754",15009,4,7,14,17,21,25,14,9,11
"1755",15010,1,2,3,8,21,31,9,-22,-5
"1756",15011,4,14,15,17,18,20,15,22,6
"1757",15012,3,5,22,23,29,31,6,25,-9
"1758",15013,8,9,24,25,26,29,1,8,-5
"1759",15014,2,12,16,19,27,30,11,-15,10
"1760",15015,1,7,20,24,25,33,4,4,-7
"1761",15016,2,6,10,15,17,31,13,-29,9
"1762",15017,13,18,20,25,27,33,12,55,-1
"1763",15018,6,9,12,14,28,29,9,-38,-3
"1764",15019,2,6,11,19,25,26,4,-9,-5
"1765",15020,1,4,7,19,22,23,4,-13,0
"1766",15021,14,15,16,17,27,28,8,41,4
"1767",15022,4,7,10,16,23,25,10,-32,2
"1768",15023,8,9,10,13,29,30,1,14,-9
"1769",15024,9,11,16,18,23,24,10,2,9
"1770",15025,10,11,12,15,27,32,14,6,4
"1771",15026,2,13,17,21,22,33,13,1,-1
"1772",15027,5,7,9,16,26,29,7,-16,-6
"1773",15028,4,7,10,26,27,28,14,10,7
"1774",15029,7,14,15,19,21,28,7,2,-7
"1775",15030,8,11,14,15,16,26,7,-14,0
"1776",15031,1,5,7,22,26,32,11,3,4
"1777",15032,11,14,16,18,29,32,16,27,5
"1778",15033,3,6,21,29,31,32,5,2,-11
"1779",15034,12,13,17,18,20,27,13,-15,8
"1780",15035,1,8,9,22,24,33,3,-10,-10
"1781",15036,4,6,16,17,26,33,3,5,0
"1782",15037,5,7,12,18,28,31,3,-1,0
"1783",15038,5,6,11,12,14,33,14,-20,11
"1784",15039,1,13,15,26,29,30,12,33,-2
"1785",15040,13,16,18,27,30,32,16,22,4
"1786",15041,4,9,11,17,21,25,6,-49,-10
"1787",15042,9,10,19,21,23,32,8,27,2
"1788",15043,11,12,15,24,26,27,15,1,7
"1789",15044,2,3,4,13,14,16,2,-63,-13
"1790",15045,1,5,13,22,30,31,7,50,5
"1791",15046,5,7,10,14,23,31,1,-12,-6
"1792",15047,2,3,20,24,26,27,9,12,8
"1793",15048,13,16,17,22,25,27,10,18,1
"1794",15049,7,12,14,17,20,23,5,-27,-5
"1795",15050,3,9,12,16,17,31,4,-5,-1
"1796",15051,4,10,24,26,28,32,9,36,5
"1797",15052,2,4,11,16,25,26,12,-40,3
"1798",15053,3,7,17,22,32,33,10,30,-2
"1799",15054,1,2,7,10,22,26,7,-46,-3
"1800",15055,1,10,15,18,19,28,2,23,-5
"1801",15056,1,7,8,16,18,20,14,-21,12
"1802",15057,9,20,24,25,26,32,4,66,-10
"1803",15058,2,9,10,18,19,20,15,-58,11
"1804",15059,2,6,9,16,25,32,14,12,-1
"1805",15060,1,3,18,27,31,32,13,22,-1
"1806",15061,6,18,22,26,32,33,4,25,-9
"1807",15062,9,14,15,18,21,26,16,-34,12
"1808",15063,1,7,9,16,22,32,12,-16,-4
"1809",15064,11,12,14,17,23,27,1,17,-11
"1810",15065,8,10,14,19,26,29,12,2,11
"1811",15066,5,8,11,17,24,28,16,-13,4
"1812",15067,2,5,8,24,25,31,14,2,-2
"1813",15068,6,15,18,21,26,27,10,18,-4
"1814",15069,1,13,17,18,23,30,15,-11,5
"1815",15070,1,7,13,19,21,29,15,-12,0
"1816",15071,8,18,20,28,29,31,8,44,-7
"1817",15072,1,3,5,20,21,31,5,-53,-3
"1818",15073,1,2,17,22,26,27,4,14,-1
"1819",15074,4,7,21,25,26,29,8,17,4
"1820",15075,6,11,13,19,21,32,4,-10,-4
"1821",15076,1,9,10,19,23,27,9,-13,5
"1822",15077,1,6,8,10,13,27,16,-24,7
"1823",15078,3,7,20,22,26,29,2,42,-14
"1824",15079,9,14,15,20,26,32,11,9,9
"1825",15080,14,17,25,27,28,30,2,25,-9
"1826",15081,13,20,22,26,28,31,13,-1,11
"1827",15082,2,8,9,14,28,30,7,-49,-6
"1828",15083,6,7,16,18,29,32,5,17,-2
"1829",15084,15,18,20,22,28,29,15,24,10
"1830",15085,2,8,25,27,28,29,5,-13,-10
"1831",18086,5,6,8,16,18,22,12,-44,7
"1832",15087,9,15,16,19,20,28,11,32,-1
"1833",15088,2,12,20,24,29,31,9,11,-2
"1834",15089,12,14,19,27,28,29,1,11,-8
"1835",15090,10,12,14,22,25,33,15,-13,14
"1836",15091,5,7,17,19,22,31,11,-15,-4
"1837",15092,9,15,19,21,26,27,1,16,-10
"1838",15093,1,3,13,21,25,31,8,-23,7
"1839",15094,1,4,6,13,16,17,10,-37,2
"1840",15095,4,15,21,28,30,31,4,72,-6
"1841",15096,6,16,17,23,24,31,7,-12,3
"1842",15097,9,12,14,20,26,27,4,-9,-3
"1843",15098,6,9,13,26,27,33,1,6,-3
"1844",15099,6,7,10,11,14,22,9,-44,8
"1845",15100,2,3,11,17,19,21,8,3,-1
"1846",15101,8,16,22,24,28,29,5,54,-3
"1847",15102,7,9,12,14,21,23,6,-41,1
"1848",15103,6,8,13,26,30,32,14,29,8
"1849",15104,9,18,21,23,25,26,1,7,-13
"1850",15105,9,10,16,19,20,26,12,-22,11
"1851",15106,1,3,4,23,31,32,13,-6,1
"1852",15107,7,14,16,18,21,25,8,7,-5
"1853",15108,2,12,19,22,24,27,15,5,7
"1854",15109,1,8,9,16,32,33,13,-7,-2
"1855",15110,5,7,16,17,22,23,4,-9,-9
"1856",15111,8,14,16,18,20,30,12,16,8
"1857",15112,1,3,10,19,20,27,11,-26,-1
"1858",15113,1,5,7,8,19,27,12,-13,1
"1859",15114,4,7,9,13,21,26,1,13,-11
"1860",15115,1,7,8,14,24,32,3,6,2
"1861",15116,4,6,15,23,26,28,11,16,8
"1862",15117,4,11,12,18,26,32,12,1,1
"1863",15118,1,4,11,21,23,31,12,-12,0
"1864",15119,2,8,10,18,23,31,8,1,-4
"1865",15120,16,21,24,26,27,29,16,51,8
"1866",15121,1,3,20,21,28,29,12,-41,-4
"1867",15122,5,7,11,16,22,25,7,-16,-5
"1868",15123,5,8,9,12,22,28,7,-2,0
"1869",15124,2,3,5,12,18,27,1,-17,-6
"1870",15125,5,13,22,27,30,33,10,63,9
"1871",15126,10,11,15,20,23,29,12,-22,2
"1872",15127,7,10,19,22,27,33,6,10,-6
"1873",15128,1,3,8,11,22,28,6,-45,0
"1874",15219,5,8,11,16,18,27,4,12,-2
"1875",15130,6,14,15,16,17,22,10,5,6
"1876",15131,10,12,13,19,22,26,3,12,-7
"1877",15132,3,5,11,28,30,33,1,8,-2
"1878",15133,2,3,13,20,22,24,15,-26,14
"1879",15134,2,5,14,19,27,31,4,14,-11
"1880",15135,1,12,14,18,26,32,7,5,3
"1881",15136,2,5,12,23,28,29,1,-4,-6
"1882",15137,14,22,23,27,28,31,12,46,11
"1883",15138,1,2,8,16,19,24,11,-75,-1
"1884",15139,1,10,13,18,25,27,9,24,-2
"1885",15140,6,20,28,29,30,31,12,50,3
"1886",15141,3,8,19,25,27,28,2,-34,-10
"1887",15142,13,17,19,20,22,25,11,6,9
"1888",15143,13,15,19,20,21,32,4,4,-7
"1889",15144,1,4,7,15,28,32,16,-33,12
"1890",15145,7,8,15,19,20,24,13,6,-3
"1891",15146,16,17,21,28,30,32,15,51,2
"1892",15147,8,9,16,23,24,30,5,-34,-10
"1893",15148,9,13,14,22,26,27,7,1,2
"1894",15149,9,10,20,21,22,33,9,4,2
"1895",15150,1,3,8,11,29,31,13,-32,4
"1896",15151,5,6,8,23,31,32,11,22,-2
"1897",15152,11,18,19,21,29,32,12,25,1
"1898",15153,8,11,15,22,27,29,3,-18,-9
"1899",15154,7,9,11,15,18,25,7,-27,4
"1900",16001,6,13,16,18,20,22,13,10,6
"1901",16002,9,14,17,20,24,30,16,19,3
"1902",16003,1,10,14,23,26,28,1,-12,-15
"1903",16004,8,10,17,22,25,33,12,13,11
"1904",16005,11,14,18,20,31,33,14,12,2
"1905",16006,13,16,18,20,28,31,12,-1,-2
"1906",16007,5,12,14,20,27,29,6,-19,-6
"1907",16008,2,15,24,29,32,33,2,28,-4
"1908",16009,10,14,24,25,27,32,4,-3,2
"1909",16010,2,4,12,14,19,25,6,-56,2
"1910",16011,3,8,10,15,22,29,12,11,6
"1911",16012,7,12,14,16,27,32,15,21,3
"1912",16013,7,12,21,22,26,31,1,11,-14
"1913",16014,2,8,10,18,20,27,7,-34,6
"1914",16015,1,2,14,22,25,26,7,5,0
"1915",16016,1,20,22,24,25,26,16,28,9
"1916",16017,5,6,8,20,22,30,5,-27,-11
"1917",16018,12,13,14,17,21,25,4,11,-1
"1918",16019,6,13,16,17,23,30,10,3,6
"1919",16020,1,2,10,12,22,24,10,-34,0
"1920",16021,9,11,13,22,24,26,5,34,-5
"1921",16022,4,9,19,22,23,30,7,2,2
"1922",16023,3,6,10,19,25,29,7,-15,0
"1923",16024,2,5,7,14,18,31,13,-15,6
"1924",16025,4,11,12,17,24,30,12,21,-1
"1925",16026,4,9,12,28,30,33,1,18,-11
"1926",16027,11,13,15,17,19,31,5,-10,4
"1927",16028,6,8,12,21,25,29,1,-5,-4
"1928",16029,12,15,18,20,21,27,15,12,14
"1929",16030,10,14,19,22,25,29,12,6,-3
"1930",16031,3,8,10,19,26,33,3,-20,-9
"1931",16032,8,12,14,15,21,27,15,-2,12
"1932",16033,6,17,18,20,27,29,15,20,0
"1933",16034,3,15,21,22,23,28,15,-5,0
"1934",16035,4,13,19,20,26,29,11,-1,-4
"1935",16036,3,4,7,9,20,22,3,-46,-8
"1936",16037,6,15,26,31,32,33,16,78,13
"1937",16038,3,12,13,22,28,29,3,-36,-13
"1938",16039,1,3,7,18,19,27,16,-32,13
"1939",16040,3,13,19,20,23,26,3,29,-13
"1940",16041,12,17,18,21,22,24,4,10,1
"1941",16042,7,14,17,23,26,31,9,4,5
"1942",16043,5,14,20,26,30,33,12,10,3
"1943",16044,1,3,10,12,18,30,1,-54,-11
"1944",16045,4,9,12,17,30,32,3,30,2
"1945",16046,7,20,25,26,27,30,14,31,11
"1946",16047,2,5,8,15,17,22,16,-66,2
"1947",16048,3,8,13,14,15,30,4,14,-12
"1948",16049,6,8,13,14,22,27,10,7,6
"1949",16050,9,12,24,28,29,30,2,42,-8
"1950",16051,1,2,4,9,15,33,12,-68,10
"1951",16052,1,6,13,19,24,28,16,27,4
"1952",16053,2,8,10,12,29,31,1,1,-15
"1953",16054,6,11,16,19,28,32,4,20,3
"1954",16055,5,6,10,16,22,26,11,-27,7
"1955",16056,3,4,8,11,16,18,14,-25,3
"1956",16057,7,12,19,22,23,26,11,49,-3
"1957",16058,3,5,18,20,24,32,11,-7,0
"1958",16059,4,11,12,20,25,28,15,-2,4
"1959",16060,4,5,22,26,29,32,8,18,-7
"1960",16061,5,6,8,18,20,32,8,-29,0
"1961",16062,12,13,15,18,19,21,9,9,1
"1962",16063,16,17,18,23,28,32,7,36,-2
"1963",16064,3,12,14,17,19,26,3,-43,-4
"1964",16065,13,16,22,25,26,27,14,38,11
"1965",16066,3,7,13,18,19,20,5,-49,-9
"1966",16067,9,13,18,20,27,31,4,38,-1
"1967",16068,8,19,23,28,31,32,1,23,-3
"1968",16069,8,10,11,20,21,27,11,-44,10
"1969",16070,3,6,11,18,23,29,1,-7,-10
"1970",16071,19,21,26,28,29,32,1,65,0
"1971",16072,5,16,19,22,24,25,2,-44,1
"1972",16073,9,11,12,15,16,20,13,-28,11
"1973",16074,6,10,11,12,20,25,12,1,-1
"1974",16075,1,3,6,16,29,32,7,3,-5
"1975",16076,7,8,13,22,30,32,1,25,-6
"1976",16077,1,9,17,19,20,29,10,-17,9
"1977",16078,2,4,8,23,26,29,2,-3,-8
"1978",16079,1,3,10,12,24,28,2,-14,0
"1979",16080,1,16,17,24,25,32,14,37,12
"1980",16081,2,6,15,25,30,32,7,-5,-7
"1981",16082,6,12,14,15,17,20,9,-26,2
"1982",16083,9,16,17,24,30,31,4,43,-5
"1983",16084,2,4,12,18,24,26,5,-41,1
"1984",16085,1,12,19,20,21,25,16,12,11
"1985",16086,9,10,11,12,15,32,5,-9,-11
"1986",16087,2,3,10,11,14,21,12,-28,7
"1987",16088,3,14,16,18,25,33,15,48,3
"1988",16089,1,3,14,30,31,32,8,2,-7
"1989",16090,2,13,17,20,21,26,7,-12,-1
"1990",16091,4,8,14,22,23,28,7,0,0
"1991",16092,2,13,15,23,24,29,6,7,-1
"1992",16093,6,9,15,17,25,27,9,-7,3
"1993",16094,6,7,10,12,18,31,10,-15,1
"1994",16095,1,5,9,12,18,32,12,-7,2
"1995",16096,6,13,14,21,22,24,16,23,4
"1996",16097,6,13,25,26,28,31,1,29,-15
"1997",16098,2,8,25,29,31,32,6,-2,5
"1998",16099,1,11,21,23,27,33,6,-11,0
"1999",16100,3,10,22,23,27,29,4,-2,-2
"2000",16101,1,3,19,24,32,33,1,-2,-3
"2001",16102,5,8,10,14,17,30,13,-28,12
"2002",16103,1,5,13,19,24,27,11,5,-2
"2003",16104,5,9,11,18,30,31,4,15,-7
"2004",16105,8,10,19,27,28,31,16,19,12
"2005",16106,4,5,13,22,25,30,4,-24,-12
"2006",16107,6,11,18,26,27,32,1,21,-3
"2007",16108,2,3,7,8,19,26,16,-55,15
"2008",16109,9,11,15,16,27,33,5,46,-11
"2009",16110,5,7,28,31,32,33,8,25,3
"2010",16111,2,4,7,14,15,32,4,-62,-4
"2011",16112,6,12,14,15,18,25,12,16,8
"2012",16113,1,11,16,17,20,26,14,1,2
"2013",16114,5,16,20,22,27,29,9,28,-5
"2014",16115,6,8,20,22,26,27,9,-10,0
"2015",16116,7,18,20,23,27,31,13,17,4
"2016",16117,3,10,14,17,28,33,2,-21,-11
"2017",16118,9,14,22,23,31,33,14,27,12
"2018",16119,9,19,21,30,31,32,4,10,-10
"2019",16120,2,5,6,21,25,28,9,-55,5
"2020",16121,2,3,10,23,25,28,9,4,0
"2021",16122,15,22,23,24,28,29,8,50,-1
"2022",16123,7,9,12,14,20,27,16,-52,8
"2023",16124,9,15,21,24,27,32,10,39,-6
"2024",16125,1,6,8,20,27,30,3,-36,-7
"2025",16126,2,6,12,17,18,19,10,-18,7
"2026",16127,7,12,17,26,29,31,16,48,6
"2027",16128,4,9,11,17,26,27,13,-28,-3
"2028",16129,5,6,8,21,31,33,14,10,1
"2029",16130,3,17,21,23,27,28,1,15,-13
"2030",16131,4,10,18,19,25,27,2,-16,1
"2031",16132,5,8,13,19,27,28,7,-3,5
"2032",16133,15,16,21,22,27,33,15,34,8
"2033",16134,11,12,13,14,18,33,13,-33,-2
"2034",16135,2,8,10,18,20,33,12,-10,-1
"2035",16136,2,7,10,20,27,29,3,4,-9
"2036",16137,1,6,9,10,15,32,14,-22,11
"2037",16138,7,16,20,24,25,30,7,49,-7
"2038",16139,1,6,19,26,28,30,3,-12,-4
"2039",16140,1,2,5,17,26,32,10,-27,7
"2040",16141,4,13,15,17,21,24,15,11,5
"2041",16142,1,10,17,21,23,30,12,8,-3
"2042",16143,6,9,23,24,25,33,13,18,1
"2043",16144,4,10,12,27,32,33,5,-2,-8
"2044",16145,1,3,7,12,19,20,6,-56,1
"2045",16146,3,7,15,1,61,723,10,748,4
"2046",16147,4,14,18,28,31,32,12,-683,2
"2047",16148,1,2,11,20,26,30,14,-37,2
"2048",16149,3,20,23,26,32,33,7,47,-7
"2049",16150,2,4,5,9,13,21,5,-83,-2
"2050",16151,6,11,16,20,22,33,7,54,2
"2051",16152,2,8,9,16,20,22,7,-31,0
"2052",16153,7,9,16,24,25,29,6,33,-1
"2053",17001,9,11,14,20,25,26,15,-5,9
"2054",17002,15,19,23,24,25,32,3,33,-12
"2055",17003,1,4,8,15,27,32,16,-51,13
"2056",17004,5,13,17,26,27,30,7,31,-9
"2057",17005,6,11,12,22,23,30,5,-14,-2
"2058",17006,2,4,8,26,29,33,8,-2,3
"2059",17007,2,4,5,24,26,33,15,-8,7
"2060",17008,7,13,15,27,28,29,13,25,-2
"2061",17009,2,6,8,9,15,29,14,-50,1
"2062",17010,5,8,19,25,28,30,7,46,-7
"2063",17011,10,11,12,23,26,29,16,-4,9
"2064",17012,10,11,14,15,16,24,7,-21,-9
"2065",17013,8,11,28,29,31,33,6,50,-1
"2066",17014,6,8,18,20,23,31,13,-34,7
"2067",17015,1,8,9,14,17,32,1,-25,-12
"2068",17016,5,8,16,22,27,29,2,26,1
"2069",17017,3,7,8,10,22,23,12,-34,10
"2070",17018,1,2,3,17,25,31,9,6,-3
"2071",17019,4,6,8,12,23,25,8,-1,-1
"2072",17020,4,8,10,12,31,33,10,20,2
"2073",17021,2,5,10,22,32,33,9,6,-1
"2074",17022,2,6,15,16,18,32,15,-15,6
"2075",17023,1,3,4,11,18,22,14,-30,-1
"2076",17024,9,21,25,26,29,31,13,82,-1
"2077",17025,2,15,16,17,22,32,7,-37,-6
"2078",17026,3,10,12,19,27,30,8,-3,1
"2079",17027,2,4,11,14,27,30,5,-13,-3
"2080",17028,7,8,12,13,22,30,9,4,4
"2081",17029,2,15,21,23,25,30,10,24,1
"2082",17030,1,7,9,20,23,30,2,-26,-8
"2083",17031,6,10,16,26,27,29,3,24,1
"2084",17032,5,8,15,24,27,31,11,-4,8
"2085",17033,5,7,15,20,23,30,15,-10,4
"2086",17034,4,7,8,19,32,33,13,3,-2
"2087",17035,1,6,14,24,28,32,12,2,-1
"2088",17036,1,2,5,10,24,27,15,-36,3
"2089",17037,11,15,20,22,25,30,5,54,-10
"2090",17038,1,4,8,13,24,27,5,-46,0
"2091",17039,2,4,12,14,17,24,15,-4,10
"2092",17040,15,19,23,28,29,33,4,74,-11
"2093",17041,4,10,13,15,22,27,4,-56,0
"2094",17042,1,2,4,7,10,23,4,-44,0
"2095",17043,8,13,16,23,27,31,8,71,4
"2096",17044,8,16,19,21,31,32,6,9,-2
"2097",17045,5,7,16,20,21,25,5,-33,-1
"2098",17046,4,13,14,23,26,32,10,18,5
"2099",17047,2,5,8,10,32,33,2,-22,-8
"2100",17048,5,8,9,14,15,19,7,-20,5
"2101",17049,1,8,14,15,20,29,10,17,3
"2102",17050,10,12,20,24,27,29,7,35,-3
"2103",17051,2,5,9,15,24,25,11,-42,4
"2104",17052,7,8,18,24,29,31,7,37,-4
"2105",17053,4,9,11,15,29,31,6,-18,-1
"2106",17054,2,3,9,23,28,33,8,-1,2
"2107",17055,7,12,13,20,24,31,5,9,-3
"2108",17056,13,14,18,19,21,28,6,6,1
"2109",17057,18,20,22,23,30,31,16,31,10
"2110",17058,1,9,13,22,28,32,11,-39,-5
"2111",17059,4,8,9,15,19,25,9,-25,-2
"2112",17060,5,10,13,24,26,31,4,29,-5
"2113",17061,6,7,12,20,26,27,11,-11,7
"2114",17062,1,7,22,24,26,31,10,13,-1
"2115",17063,12,16,20,22,25,31,4,15,-6
"2116",17064,2,10,16,22,24,28,15,-24,11
"2117",17065,2,5,8,10,12,21,7,-44,-8
"2118",17066,1,4,6,17,19,26,3,15,-4
"2119",17067,1,3,4,10,18,29,4,-8,1
"2120",17068,2,6,10,22,30,31,15,36,11
"2121",17069,2,11,12,23,29,31,5,7,-10
"2122",17070,1,6,14,22,25,26,12,-14,7
"2123",17071,2,3,6,14,31,32,3,-6,-9
"2124",17072,6,11,14,23,26,30,2,22,-1
"2125",17073,3,6,16,23,26,30,14,-6,12
"2126",17074,2,6,16,23,30,31,2,4,-12
"2127",17075,1,3,6,19,21,29,7,-29,5
"2128",17076,1,4,8,9,14,15,13,-28,6
"2129",17077,1,2,4,15,17,22,14,10,1
"2130",17078,5,7,18,19,22,24,16,34,2
"2131",17079,3,7,14,23,25,27,8,4,-8
"2132",17080,1,12,16,20,22,24,8,-4,0
"2133",17081,3,5,14,25,26,30,5,8,-3
"2134",17082,14,18,21,25,28,29,10,32,5
"2135",17083,3,8,14,20,24,26,12,-40,2
"2136",17084,1,5,11,20,22,24,2,-12,-10
"2137",17085,1,5,6,16,25,30,9,0,7
"2138",17086,3,5,6,13,20,22,7,-14,-2
"2139",17087,3,6,13,14,19,28,6,14,-1
"2140",17088,7,9,18,22,23,29,6,25,0
"2141",17089,11,12,13,16,23,25,12,-8,6
"2142",17090,1,7,10,16,22,33,9,-11,-3
"2143",17091,5,7,10,23,28,29,3,13,-6
"2144",17092,10,18,19,29,32,33,9,39,6
"2145",17093,7,8,9,15,22,27,12,-53,3
"2146",17094,8,11,13,19,28,31,6,22,-6
"2147",17095,9,10,12,19,22,29,16,-9,10
"2148",17096,2,6,11,12,19,29,6,-22,-10
"2149",17097,5,10,18,19,30,31,3,34,-3
"2150",17098,4,19,22,27,30,33,1,22,-2
"2151",17099,2,5,6,16,28,29,4,-49,3
"2152",17100,4,7,8,18,23,24,2,-2,-2
"2153",17101,1,4,11,28,31,32,16,23,14
"2154",17102,4,8,10,14,18,20,11,-33,-5
"2155",17103,1,21,23,25,31,33,1,60,-10
"2156",17104,1,14,15,20,23,30,14,-31,13
"2157",17105,3,6,7,12,25,26,7,-24,-7
"2158",17106,12,15,20,25,27,31,2,51,-5
"2159",17107,8,9,15,17,30,32,6,-19,4
"2160",17108,7,12,14,15,17,20,1,-26,-5
"2161",17109,8,14,16,18,21,23,16,15,15
"2162",17110,1,3,12,15,19,23,14,-27,-2
"2163",17111,5,1,1,719,29,32,12,714,-2
"2164",17112,3,10,14,16,22,23,11,-699,-1
"2165",17113,4,6,16,27,29,33,5,27,-6
"2166",17114,6,12,13,15,18,26,13,-25,8
"2167",17115,4,10,11,25,30,31,1,21,-12
"2168",17116,2,14,20,22,30,32,2,9,1
"2169",17117,1,2,8,11,14,21,9,-63,7
"2170",17118,8,9,15,22,30,33,16,60,7
"2171",17119,9,16,21,25,26,31,14,11,-2
"2172",17120,8,10,15,19,23,28,16,-25,2
"2173",17121,11,18,19,22,24,32,7,23,-9
"2174",17122,11,20,21,22,24,27,15,-1,8
"2175",17123,4,5,6,11,21,31,10,-47,-5
"2176",17124,2,6,11,26,28,29,3,24,-7
"2177",17125,1,14,23,25,29,30,3,20,0
"2178",17126,1,16,17,21,27,30,16,-10,13
"2179",17127,14,15,21,24,27,32,12,21,-4
"2180",17128,2,6,13,22,29,31,8,-30,-4
"2181",17129,5,6,9,14,21,33,2,-15,-6
"2182",17130,5,13,14,23,25,31,2,23,0
"2183",17131,1,7,10,11,26,27,11,-29,9
"2184",17132,2,3,5,9,13,28,11,-22,0
"2185",17133,6,15,17,18,23,30,11,49,0
"2186",17134,4,5,11,14,28,32,4,-15,-7
"2187",17135,1,6,7,14,18,26,16,-22,12
"2188",17136,3,7,10,18,21,24,12,11,-4
"2189",17137,5,10,20,23,26,31,3,32,-9
"2190",17138,1,17,24,28,32,33,2,20,-1
"2191",17139,2,14,20,24,28,32,16,-15,14
"2192",17140,21,22,25,28,29,30,8,35,-8
"2193",17141,1,6,7,11,13,15,5,-102,-3
"2194",17142,8,13,14,18,23,33,6,56,1
"2195",17143,4,6,9,14,20,29,14,-27,8
"2196",17144,3,14,16,20,31,32,9,34,-5
"2197",17145,2,6,12,17,25,28,12,-26,3
"2198",17146,1,19,25,26,27,33,10,41,-2
"2199",17147,3,7,20,21,25,31,14,-24,4
"2200",17148,4,7,11,14,29,32,12,-10,-2
"2201",17149,5,8,15,20,27,30,13,8,1
"2202",17150,6,14,19,20,21,23,8,-2,-5
"2203",17151,2,5,7,9,11,27,16,-42,8
"2204",17152,6,10,23,25,26,29,5,58,-11
"2205",17153,7,11,12,13,18,19,16,-39,11
"2206",17154,5,9,13,15,18,26,5,6,-11
"2207",19001,1,8,11,26,28,31,4,19,-1
"2208",18002,7,18,24,29,31,33,16,37,12
"2209",18003,1,14,16,17,20,31,4,-43,-12
"2210",18004,14,18,19,26,30,31,11,39,7
"2211",18005,2,20,21,28,31,33,6,-3,-5
"2212",18006,2,7,8,9,17,29,11,-63,5
"2213",18007,13,14,20,25,27,31,12,58,1
"2214",18008,5,9,10,12,17,19,13,-58,1
"2215",18009,5,10,17,23,26,32,7,41,-6
"2216",18010,1,8,17,20,21,22,3,-24,-4
"2217",18011,3,10,21,23,27,33,11,28,8
"2218",18012,11,12,13,19,26,28,12,-8,1
"2219",18013,6,8,13,15,22,33,6,-12,-6
"2220",18014,6,8,13,15,22,33,6,0,0
"2221",18015,11,15,20,21,26,33,15,29,9
"2222",18016,1,11,12,18,25,27,16,-32,1
"2223",18017,8,12,21,22,27,31,9,27,-7
"2224",18019,3,11,12,16,21,23,9,-35,0
"2225",18020,6,9,10,14,28,30,5,11,-4
"2226",18021,3,4,6,11,23,28,14,-22,9
"2227",18022,5,7,20,22,30,32,10,41,-4
"2228",18023,12,15,16,21,26,29,16,3,6
"2229",18024,11,19,22,26,31,32,2,22,-14
"2230",18025,4,13,16,19,21,25,14,-43,12
"2231",18026,4,7,12,14,26,32,4,-3,-10
"2232",18027,2,7,9,14,18,28,5,-17,1
"2233",18028,3,8,11,14,18,23,16,-1,11
"2234",18029,1,2,9,14,22,25,5,-4,-11
"2235",18030,13,14,20,21,25,33,7,53,2
"2236",18031,2,16,18,19,27,30,14,-14,7
"2237",18032,21,22,23,24,25,32,6,35,-8
"2238",18033,21,22,23,24,25,32,6,0,0
"2239",18034,1,5,11,22,23,26,15,-59,9
"2240",18035,7,10,11,17,23,28,15,8,0
"2241",18036,8,17,24,26,28,33,4,40,-11
"2242",18037,1,6,7,8,27,30,10,-57,6
"2243",18038,15,23,24,25,28,29,9,65,-1
"2244",18039,8,12,18,19,23,32,3,-32,-6
"2245",18040,1,3,8,13,18,23,16,-46,13
"2246",18041,7,8,20,23,24,32,13,48,-3
"2247",18042,16,10,21,28,29,31,12,21,-1
"2248",18043,1,4,6,8,21,24,7,-71,-5
"2249",18044,5,9,12,17,27,30,6,36,-1
"2250",18045,3,4,6,25,26,30,1,-6,-5
"2251",18046,10,13,14,18,20,31,3,12,2
"2252",17047,6,7,12,16,22,25,7,-18,4
"2253",18048,1,12,20,25,30,31,2,31,-5
"2254",18049,1,3,4,11,19,23,2,-58,0
"2255",18050,1,2,4,10,18,19,7,-7,5
"2256",18051,5,7,20,23,27,31,4,59,-3
"2257",18052,3,5,6,9,15,32,14,-43,10
"2258",18053,1,4,10,11,14,27,6,-3,-8
"2259",18054,4,6,18,22,25,33,16,41,10
"2260",18055,7,9,10,12,22,26,7,-22,-9
"2261",18056,1,3,6,20,21,26,1,-9,-6
"2262",18057,5,15,17,19,20,30,13,29,12
"2263",18058,7,12,13,16,26,31,7,-1,-6
"2264",18059,4,6,8,13,22,32,11,-20,4
"2265",18060,4,8,13,25,30,31,10,26,-1
"2266",18061,9,10,11,12,18,23,7,-28,-3
"2267",18062,2,18,19,24,25,33,11,38,4
"2268",18063,5,6,10,16,20,25,12,-39,1
"2269",18064,2,5,10,11,17,21,5,-16,-7
"2270",18065,1,4,6,14,28,33,1,20,-4
"2271",18066,9,16,17,19,22,26,10,23,9
"2272",18067,1,4,9,12,15,18,5,-50,-5
"2273",18068,8,10,17,20,27,30,1,53,-4
"2274",18069,6,13,17,19,23,31,12,-3,11
"2275",18070,4,9,15,16,19,27,10,-19,-2
"2276",18071,2,5,6,13,16,19,3,-29,-7
"2277",18072,11,16,19,22,25,30,8,62,5
"2278",18073,2,9,14,15,16,23,10,-44,2
"2279",18074,9,11,14,20,27,30,9,32,-1
"2280",18075,7,9,12,13,22,24,11,-24,2
"2281",18076,3,7,8,15,29,30,13,5,2
"2282",18077,2,5,9,15,20,24,10,-17,-3
"2283",18078,3,10,14,17,18,30,12,17,2
"2284",18079,14,15,17,22,24,29,13,29,1
"2285",18080,4,7,13,20,29,33,3,-15,-10
"2286",18081,1,2,12,16,20,26,3,-29,0
"2287",18082,6,12,14,20,22,24,9,21,6
"2288",18083,4,9,18,21,32,33,3,19,-6
"2289",18084,5,6,8,12,22,24,3,-40,0
"2290",18085,4,10,25,26,30,33,6,51,3
"2291",18086,2,7,17,21,23,26,16,-32,10
"2292",18087,1,5,10,16,18,31,3,-15,-13
"2293",18088,3,5,12,29,30,32,14,30,11
"2294",18089,6,9,12,14,18,27,14,-25,0
"2295",18090,1,2,4,10,14,23,7,-32,-7
"2296",18091,6,11,13,17,25,32,7,50,0
"2297",18092,6,10,16,19,24,33,16,4,9
"2298",18093,4,18,20,21,29,33,7,17,-9
"2299",18094,4,7,16,20,24,30,5,-24,-2
"2300",18095,10,11,12,21,26,33,9,12,4
"2301",18096,1,5,9,20,28,32,12,-18,3
"2302",18097,1,2,17,20,25,28,13,-2,1
"2303",18098,6,10,11,20,29,32,13,15,0
"2304",18099,3,7,8,14,25,32,6,-19,-7
"2305",18100,2,11,14,15,29,33,2,15,-4
"2306",18101,1,3,14,26,29,33,9,2,7
"2307",18102,2,6,11,19,21,28,5,-19,-4
"2308",18103,2,9,15,22,23,24,16,8,11
"2309",18104,2,3,6,19,25,29,1,-11,-15
"2310",18105,4,5,13,18,19,25,1,0,0
"2311",18106,4,18,19,24,25,26,10,32,9
"2312",18107,1,2,5,12,20,22,1,-54,-9
"2313",18108,5,13,18,21,26,30,2,51,1
"2314",18109,10,11,18,23,31,33,15,13,13
"2315",18110,11,13,16,21,22,23,2,-20,-13
"2316",18111,1,7,14,24,25,28,8,-7,6
"2317",18112,5,8,18,25,26,31,4,14,-4
"2318",18113,1,6,9,16,25,26,9,-30,5
"2319",18114,1,7,15,16,20,27,14,3,5
"2320",18115,1,13,19,24,26,29,11,26,-3
"2321",18116,5,14,17,22,23,28,15,-3,4
"2322",18117,8,11,15,17,23,25,5,-10,-10
"2323",18118,8,12,21,22,27,31,9,22,4
"2324",18119,3,13,14,16,25,27,12,-23,3
"2325",18120,3,4,18,26,27,33,1,13,-11
"2326",18121,6,8,14,19,23,25,11,-16,10
"2327",18122,5,7,20,22,30,32,10,21,-1
"2328",18123,13,21,24,27,31,32,1,32,-9
"2329",18124,9,13,14,19,22,25,2,-46,1
"2330",18125,3,10,11,14,15,32,2,-17,0
"2331",18126,1,6,8,9,14,22,5,-25,3
"2332",18127,2,5,6,7,11,15,12,-14,7
"2333",18128,6,7,8,19,22,23,2,39,-10
"2334",18129,2,4,6,16,18,19,16,-20,14
"2335",18130,5,12,17,18,24,28,12,39,-4
"2336",18131,21,22,24,31,32,33,1,59,-11
"2337",18132,1,2,9,10,15,22,6,-104,5
"2338",18133,2,4,11,12,18,32,13,20,7
"2339",18134,3,16,18,31,32,33,12,54,-1
"2340",18135,1,2,6,10,11,29,16,-74,4
"2341",18136,10,12,15,25,26,27,14,56,-2
"2342",18137,3,5,11,15,20,23,9,-38,-5
"2343",18138,1,10,25,27,30,32,9,48,0
"2344",18139,11,18,20,23,31,32,15,10,6
"2345",18140,1,15,20,22,25,28,14,-24,-1
"2346",18141,11,14,16,18,24,33,4,5,-10
"2347",18142,5,8,10,11,27,28,11,-27,7
"2348",18143,4,6,15,28,32,33,14,29,3
"2349",18144,8,13,17,18,20,27,13,-15,-1
"2350",18145,3,9,13,22,23,25,6,-8,-7
"2351",18146,2,10,11,17,18,29,16,-8,10
"2352",18147,3,15,17,23,27,30,11,28,-5
"2353",18148,3,6,18,19,21,31,1,-17,-10
"2354",18149,1,7,8,10,12,24,1,-36,0
"2355",18150,6,8,15,19,20,31,5,37,4
"2356",18151,5,15,19,25,26,29,15,20,10
"2357",18152,4,14,16,23,28,29,3,-5,-12
"2358",18153,1,7,17,23,25,31,11,-10,8
"2359",19001,6,10,13,15,32,33,15,5,4
"2360",19002,4,5,6,8,9,18,11,-59,-4
"2361",19003,13,17,20,21,22,27,1,70,-10
"2362",19004,8,12,16,19,26,32,3,-7,2
"2363",19005,21,22,26,28,31,32,7,47,4
"2364",19006,1,5,10,19,26,28,12,-71,5
"2365",19007,6,10,14,15,19,23,15,-2,3
"2366",19008,2,6,9,13,28,32,12,3,-3
"2367",19009,1,7,10,22,31,32,15,13,3
"2368",19010,2,4,5,8,11,30,2,-43,-13
"2369",19011,10,13,19,21,24,30,7,57,5
"2370",19012,7,10,21,23,31,33,14,8,7
"2371",19013,5,7,14,16,18,21,1,-44,-13
"2372",19014,1,2,3,14,19,33,3,-9,2
"2373",19015,11,15,16,20,24,31,4,45,1
"2374",19016,5,7,9,11,19,25,5,-41,1
"2375",19017,4,5,24,28,30,33,9,48,4
"2376",19018,4,11,18,19,26,32,4,-14,-5
"2377",19019,3,11,17,18,24,25,6,-12,2
"2378",19020,2,12,13,23,27,28,12,7,6
"2379",19021,2,5,7,8,20,27,4,-36,-8
"2380",19022,3,7,11,21,30,33,7,36,3
"2381",19023,1,10,14,15,18,31,13,-16,6
"2382",19024,1,8,23,25,28,29,10,25,-3
"2383",19025,15,16,21,27,30,33,4,28,-6
"2384",19026,3,13,15,19,20,27,14,-45,10
"2385",19027,2,6,8,10,11,17,13,-43,-1
"2386",19028,4,19,22,26,29,30,11,76,-2
"2387",19029,8,11,17,23,32,33,10,-6,-1
"2388",19030,4,5,7,10,12,22,16,-64,6
"2389",19031,3,13,15,18,21,33,16,43,0
"2390",19032,4,8,9,13,28,33,4,-8,-12
"2391",19033,9,15,19,21,23,29,15,21,11
"2392",19034,9,11,15,22,24,26,3,-9,-12
"2393",19035,1,5,7,9,10,20,16,-55,13
"2394",19036,2,10,13,16,23,32,8,44,-8
"2395",19037,1,7,12,14,18,25,10,-19,2
"2396",19038,9,12,21,27,29,30,5,51,-5
"2397",19039,6,7,11,14,27,32,8,-31,3
"2398",19040,5,6,9,18,23,31,11,-5,3
"2399",19041,2,9,13,23,24,26,16,5,5
"2400",19042,15,17,19,22,25,26,4,27,-12
"2401",19043,1,6,12,13,24,32,13,-36,9
"2402",19044,6,14,16,17,23,29,7,17,-6
"2403",19045,1,6,17,19,27,31,14,-4,7
"2404",19046,2,12,16,22,25,32,6,8,-8
"2405",19047,3,11,18,25,30,33,14,11,8
"2406",19048,3,7,10,12,18,29,10,-41,-4
"2407",19049,3,10,13,22,23,28,15,20,5
"2408",19050,4,6,10,11,21,23,2,-24,-13
"2409",19051,8,9,10,13,15,28,9,8,7
"2410",19052,3,6,9,13,16,19,16,-17,7
"2411",19053,4,16,22,25,29,31,8,61,-8
"2412",19054,7,10,11,15,24,26,11,-34,3
"2413",19055,1,6,11,15,19,31,10,-10,-1
"2414",19056,13,14,17,19,21,29,1,30,-9
"2415",19057,4,5,6,8,13,18,16,-59,15
"2416",19058,7,8,12,21,23,27,12,44,-4
"2417",19059,4,5,7,9,16,18,6,-39,-6
"2418",19060,3,4,14,20,23,27,1,32,-5
"2419",19061,3,17,19,24,27,31,12,30,11
"2420",19062,7,13,16,23,26,30,1,-6,-11
"2421",19063,1,14,19,22,29,31,16,1,15
"2422",19064,12,20,24,25,30,33,12,28,-4
"2423",19065,6,9,11,15,20,26,10,-57,-2
"2424",19065,6,9,11,15,20,26,10,0,0
"2425",19066,1,14,17,20,22,32,4,19,-6
"2426",19067,4,6,8,11,30,33,11,-14,7
"2427",19068,3,14,20,24,26,33,10,28,-1
"2428",19069,6,11,16,19,21,25,1,-22,-9
"2429",19070,6,15,18,19,24,32,9,16,8
"2430",19071,1,8,19,24,29,30,4,-3,-5
"2431",19072,2,9,13,15,22,30,15,-20,11
"2432",19073,1,2,6,12,16,18,8,-36,-7
"2433",19074,12,21,27,29,31,33,4,98,-4
"2434",19075,5,8,20,22,31,33,3,-34,-1
"2435",19076,12,15,19,20,29,32,14,8,11
"2436",19077,9,11,13,18,21,22,15,-33,1
"2437",19078,1,17,27,29,31,33,12,44,-3
"2438",19079,1,3,6,9,19,31,16,-69,4
"2439",19080,3,6,8,20,24,32,7,24,-9
"2440",19081,5,24,27,29,31,32,10,55,3
"2441",19082,7,16,19,22,24,28,2,-32,-8
"2442",19083,6,15,17,26,28,31,3,7,1
"2443",19084,4,8,14,18,20,27,3,-32,0
"2444",19085,1,4,14,18,24,29,4,-1,1
"2445",19086,16,22,24,26,28,31,6,57,2
"2446",19087,4,5,7,9,21,30,4,-71,-2
"2447",19088,13,14,15,21,23,29,13,39,9
"2448",19089,2,4,14,16,20,22,11,-37,-2
"2449",19090,2,3,6,8,14,22,4,-23,-7
"2450",19091,7,10,21,24,29,32,11,68,7
"2451",19092,9,17,27,28,32,33,8,23,-3
"2452",19093,5,7,8,9,20,22,2,-75,-6
"2453",19094,5,10,12,18,19,27,6,20,4
"2454",19095,2,5,14,19,21,28,1,-2,-5
"2455",19096,5,7,12,18,27,32,11,12,10
"2456",19097,3,5,18,24,25,31,9,5,-2
"2457",19098,3,11,12,14,17,26,9,-23,0
"2458",19099,7,14,22,23,27,30,8,40,-1
"2459",19100,1,4,12,13,30,32,8,-31,0
"2460",19101,1,4,9,21,31,33,5,7,-3
"2461",19102,3,8,12,16,20,32,12,-8,7
"2462",19103,4,12,14,21,27,29,12,16,0
"2463",19104,1,5,16,17,18,24,10,-26,-2
"2464",19105,2,13,15,17,26,33,1,25,-9
"2465",19106,2,14,22,27,30,33,14,22,13
"2466",19107,2,6,8,23,27,32,2,-30,-12
"2467",19108,7,13,19,22,25,32,13,20,11
"2468",19109,3,6,7,17,28,31,10,-26,-3
"2469",19110,1,18,22,26,27,28,8,30,-2
"2470",19111,7,18,20,22,24,33,1,2,-7
"2471",19112,3,12,14,17,23,27,1,-28,0
"2472",19113,1,5,19,21,25,33,15,8,14
"2473",19114,2,4,9,11,12,30,1,-36,-14
"2474",19115,4,10,11,14,15,29,5,15,4
"2475",19116,1,8,9,13,16,33,1,-3,-4
"2476",19117,3,5,11,28,32,33,1,32,0
"2477",19118,2,14,15,25,28,31,4,3,3
"2478",19119,4,20,22,24,26,33,7,14,3
"2479",19120,10,12,27,31,32,33,3,16,-4
"2480",19121,2,6,15,21,30,31,2,-40,-1
"2481",19122,4,10,15,19,21,23,2,-13,0
"2482",19123,2,6,8,17,28,30,6,-1,4
"2483",19124,4,9,30,31,32,33,1,48,-5
"2484",19125,2,11,12,26,27,29,3,-32,2
"2485",19126,2,14,17,29,32,33,16,20,13
"2486",19127,2,6,7,12,17,24,10,-59,-6
"2487",19128,3,8,12,16,17,19,8,7,-2
"2488",19129,3,4,7,9,15,26,7,-11,-1
"2489",19130,1,7,9,11,24,32,16,20,9
"2490",19131,9,17,19,20,24,31,4,36,-12
"2491",19132,4,6,11,14,19,33,7,-33,3
"2492",19133,3,7,16,21,24,31,7,15,0
"2493",19734,1,4,6,22,29,30,3,-10,-4
"2494",19135,3,6,10,11,27,33,3,-2,0
"2495",19136,12,14,15,17,29,33,12,30,9
"2496",19137,7,10,13,19,23,31,6,-17,-6
"2497",19138,2,6,12,30,31,32,11,10,5
"2498",19139,8,14,20,23,30,33,11,15,0
"2499",19140,2,4,9,11,14,22,5,-66,-6
"2500",19141,10,13,14,15,17,33,14,40,9
"2501",19142,8,14,24,27,29,33,9,33,-5
"2502",19143,5,13,15,16,26,32,9,-28,0
"2503",19144,2,12,15,19,27,30,3,-2,-6
"2504",19145,1,8,13,17,18,19,16,-29,13
"2505",19146,1,4,10,12,30,32,14,13,-2
"2506",19147,1,9,12,14,23,27,12,-3,-2
"2507",19148,9,10,13,20,26,27,8,19,-4
"2508",19149,1,6,27,28,31,33,7,21,-1
"2509",19150,2,9,14,22,27,29,2,-23,-5
"2510",19151,2,6,9,18,24,26,14,-18,12
"2511",20001,2,15,23,26,29,30,2,40,-12
"2512",20002,4,9,14,15,16,29,11,-38,9
"2513",20003,9,17,26,29,30,32,3,56,-8
"2514",20004,2,15,17,27,32,33,3,-17,0
"2515",20005,11,16,17,22,26,32,4,-2,1
"2516",20006,3,4,5,10,16,32,9,-54,5
"2517",20007,5,12,17,20,25,31,10,40,1
"2518",20008,1,4,6,10,11,28,16,-50,6
"2519",20009,3,6,8,14,19,26,12,16,-4
"2520",20010,11,14,22,27,31,32,9,61,-3
"2521",20011,4,5,7,17,18,29,1,-57,-8
"2522",20012,4,13,14,23,26,31,9,31,8
"2523",20013,2,8,10,20,21,30,14,-20,5
"2524",20014,2,7,8,10,12,16,7,-36,-7
"2525",20015,8,9,22,24,30,33,1,71,-6
"2526",20016,5,6,8,17,24,27,7,-39,6
"2527",20017,2,4,7,15,20,27,4,-12,-3
"2528",20018,5,7,8,11,17,22,13,-5,9
"2529",20019,15,19,27,28,30,33,3,82,-10
"2530",20020,1,6,9,13,15,22,14,-86,11
"2531",20021,2,6,14,16,27,31,7,30,-7
"2532",20022,2,10,20,22,25,30,2,13,-5
"2533",20023,4,5,20,21,30,33,8,4,6
"2534",20024,10,13,27,28,29,31,8,25,0
"2535",20025,1,9,10,15,20,29,2,-54,-6
"2536",20026,1,4,9,18,19,31,6,-2,4
"2537",20027,12,13,14,24,25,28,6,34,0
"2538",20028,5,6,15,18,26,32,8,-14,2
"2539",20029,1,12,18,20,30,32,5,11,-3
"2540",20030,17,18,21,29,30,32,3,34,-2
"2541",20031,2,5,9,15,15,27,9,-74,6
"2542",20032,3,11,13,14,15,26,13,9,4
"2543",20033,7,10,12,21,31,32,1,31,-12
"2544",20034,2,8,15,16,26,32,3,-14,2
"2545",20035,10,14,24,25,28,33,11,35,8
"2546",20036,7,9,16,22,24,32,6,-24,-5
"2547",20037,1,4,11,13,17,24,15,-40,9
"2548",20038,1,6,7,18,23,24,15,9,0
"2549",20039,2,9,10,11,16,29,2,-2,-13
"2550",20040,1,6,12,16,19,21,4,-2,2
"2551",20041,6,7,16,22,24,25,13,25,9
"2552",20042,2,6,7,11,14,31,3,-29,-10
"2553",20043,1,11,24,25,27,30,7,47,4
"2554",20044,7,8,16,17,19,24,7,-27,0
"2555",20045,2,3,15,21,22,33,16,5,9
"2556",20046,13,19,25,26,27,32,8,46,-8
"2557",20047,4,10,17,19,28,32,1,-32,-7
"2558",20048,12,14,18,23,30,32,2,19,1
"2559",20049,1,7,9,12,18,22,4,-60,2
"2560",20050,4,9,17,20,32,33,15,46,11
"2561",20051,3,6,8,11,19,28,8,-40,-7
"2562",20052,2,8,13,29,32,33,15,42,7
"2563",20053,2,14,15,16,32,33,1,-5,-14
"2564",20054,3,10,19,25,26,31,2,2,1
"2565",20055,1,5,7,23,28,30,12,-20,10
