"V1","V2","V3","V4","V5","V6","V7","V8"
6002,0,0,0,0,0,0,0
6003,1,0,0,0,0,0,1
6004,0,0,0,1,0,0,0
6005,0,0,0,0,0,1,0
6006,0,0,1,1,0,0,0
6007,0,0,0,0,0,1,0
6008,1,0,0,0,0,0,0
6009,0,1,0,0,0,0,0
6010,0,0,0,0,0,1,0
6011,0,0,1,0,1,1,0
6012,0,0,0,0,0,0,0
6013,1,1,0,0,0,0,1
6014,0,0,0,0,0,0,0
6015,0,0,0,0,0,0,0
6016,0,1,0,0,0,1,0
6017,0,0,0,0,0,1,0
6018,0,0,0,1,1,0,0
6019,0,0,0,0,0,1,0
6020,0,0,0,1,0,0,0
6021,1,0,0,0,0,0,0
6022,1,0,0,0,0,1,0
6023,0,0,0,0,0,0,0
6024,0,0,0,1,0,0,0
6025,0,0,0,0,0,0,0
6026,0,0,0,0,0,0,0
6027,0,1,0,0,0,0,0
6028,0,0,0,0,0,0,0
6029,0,0,0,0,0,0,0
6030,0,0,0,1,0,0,0
6031,1,0,1,0,0,1,0
6032,1,0,0,0,0,0,0
6033,0,0,0,0,1,1,0
6034,0,0,0,0,0,0,0
6035,1,0,0,0,0,0,0
6036,0,1,1,0,0,0,1
6037,0,0,0,0,0,0,0
6038,0,0,0,0,1,0,0
6039,0,0,0,0,0,1,0
6040,0,0,0,0,0,0,0
6041,1,1,0,1,0,0,0
6042,1,0,1,0,0,0,0
6043,0,0,1,0,0,0,0
6044,0,0,1,0,0,1,0
6045,0,0,0,0,0,0,0
6046,0,0,0,0,0,1,0
6047,0,0,0,1,0,1,0
6048,0,0,0,0,0,0,0
6049,0,0,1,1,0,0,0
6050,0,0,0,0,1,0,0
6051,1,1,1,0,0,0,0
6052,0,0,0,0,0,1,0
6053,0,0,0,0,0,0,0
6054,0,0,0,0,0,0,0
6055,1,0,0,0,1,0,0
6056,0,0,0,0,1,0,0
6057,0,0,0,1,0,0,0
6058,0,0,0,1,1,1,0
6059,0,0,0,0,0,0,1
6060,1,0,1,0,1,0,0
6061,0,0,0,0,0,0,0
6062,0,0,0,1,1,0,0
6063,0,0,0,0,1,0,0
6064,0,0,0,0,0,0,0
6065,0,0,0,0,0,0,0
6066,0,1,0,0,0,0,0
6067,0,0,1,0,0,0,0
6068,0,0,0,0,0,1,0
6069,0,0,0,0,0,0,0
6070,0,1,0,0,0,0,0
6071,0,0,0,0,0,0,0
6072,0,0,0,0,1,0,0
6073,1,0,1,1,0,0,0
6074,0,0,0,0,0,0,0
6075,0,0,0,1,0,0,0
6076,0,0,0,0,0,0,0
6077,1,0,0,1,0,0,0
6078,0,0,0,0,0,0,0
6079,0,0,0,0,0,0,0
6080,0,0,0,0,0,0,0
6081,0,0,0,1,0,0,0
6082,0,0,0,0,1,0,0
6083,0,0,1,0,0,1,0
6084,0,0,0,0,1,0,0
6085,0,0,1,0,0,0,0
6086,1,1,0,0,1,0,0
6087,0,1,0,0,0,0,0
6088,0,0,0,0,1,1,0
6089,0,0,1,1,0,0,0
6090,0,0,0,1,0,0,0
6091,0,1,0,0,0,0,0
6092,0,1,0,0,0,0,0
6093,0,0,0,0,0,0,0
6094,0,0,0,1,0,0,0
6095,1,0,0,0,0,0,0
6096,0,1,0,0,0,0,1
6097,0,0,1,0,0,0,0
6098,0,1,0,0,0,0,0
6099,1,0,1,0,0,0,0
6100,1,1,1,0,0,0,0
6101,0,0,0,0,1,0,0
6102,0,0,1,0,1,0,0
6103,0,0,0,0,0,0,0
6104,0,0,0,0,0,0,0
6105,0,0,0,0,0,1,0
6106,0,0,0,0,0,1,0
6107,0,0,0,0,0,0,0
6108,0,0,0,0,0,1,0
6109,1,0,1,0,0,0,0
6110,0,0,1,0,0,1,0
6111,0,1,1,1,0,0,0
6112,1,1,0,0,0,0,0
6113,0,1,0,0,0,0,1
6114,0,1,0,0,0,0,0
6115,1,0,0,0,1,1,0
6116,0,0,0,1,0,0,0
6117,0,0,0,1,0,1,0
6118,0,1,0,0,0,1,0
6119,0,0,0,0,0,0,0
6120,1,1,0,0,0,0,0
6121,0,0,0,0,0,0,0
6122,1,0,0,0,1,0,0
6123,1,0,0,0,0,0,0
6124,0,1,0,0,0,0,0
6125,0,0,0,0,0,0,1
6126,0,0,0,0,1,0,0
6127,0,0,0,0,0,0,0
6128,1,0,0,0,0,0,0
6129,0,0,0,0,0,0,0
6130,0,0,1,1,1,0,0
6131,0,1,0,0,0,0,0
6132,0,0,1,0,1,0,0
6133,0,0,0,1,1,0,0
6134,0,1,1,0,0,1,0
6135,1,0,0,1,0,0,0
6136,0,0,0,0,1,0,0
6137,0,0,1,1,0,0,0
6138,1,1,0,1,0,0,0
6139,0,0,0,0,0,0,0
6140,1,0,0,0,0,0,0
6141,0,0,0,0,0,1,0
6142,0,0,0,1,0,1,0
6143,0,0,0,0,0,1,0
6144,0,0,0,0,0,1,0
6145,0,0,0,0,0,1,0
6146,0,1,0,0,1,0,0
6147,0,0,0,0,0,0,0
6148,0,0,0,0,0,0,0
6149,1,0,1,0,0,0,0
6150,0,0,0,0,0,0,0
6151,0,0,0,0,0,0,0
6152,0,0,0,0,1,1,0
6153,0,0,0,0,0,0,0
6154,0,0,0,1,0,1,0
7002,0,0,0,0,0,0,0
7003,0,0,0,0,0,0,0
7004,0,1,0,0,1,0,0
7005,1,1,1,0,0,0,0
7006,0,0,0,0,0,0,0
7007,0,0,1,0,1,0,0
7008,0,0,0,0,1,0,0
7009,1,0,0,0,0,0,0
7010,0,0,0,0,0,1,0
7011,0,0,0,0,0,0,0
7012,0,0,0,0,0,1,0
7013,0,1,1,0,0,0,0
7014,0,0,0,1,1,0,0
7015,1,1,0,0,0,0,0
7016,0,0,0,0,1,0,0
7017,0,1,0,0,0,0,0
7018,0,0,0,0,0,0,0
7019,1,0,0,0,0,0,0
7020,1,1,0,0,0,0,0
7021,0,1,0,0,1,0,0
7022,1,0,0,0,0,0,0
7023,0,0,0,1,0,0,0
7024,0,0,0,0,0,0,0
7025,0,0,1,0,0,0,0
7026,0,0,0,0,0,0,0
7027,1,0,0,0,1,0,0
7028,0,0,0,0,0,0,0
7029,0,1,0,0,0,0,1
7030,0,0,0,0,1,0,0
7031,0,1,0,0,0,1,0
7032,0,0,0,1,1,1,0
7033,1,0,1,0,0,0,0
7034,0,0,0,0,0,0,0
7035,0,0,0,0,0,0,0
7036,0,0,0,0,1,1,0
7037,0,1,1,0,0,1,0
7038,0,0,0,1,0,0,0
7039,0,1,0,0,1,0,0
7040,0,0,1,0,0,0,0
7041,1,0,0,0,0,0,0
7042,0,0,0,0,0,0,0
7043,0,1,0,0,0,1,0
7044,0,1,0,0,0,1,0
7045,0,0,0,0,0,0,0
7046,0,0,0,0,0,0,0
7047,0,0,0,0,0,0,0
7048,0,1,1,0,0,1,0
7049,0,0,0,0,0,0,0
7050,1,1,0,1,0,0,0
7051,0,0,0,0,0,0,0
7052,1,0,0,0,0,0,0
7053,0,1,0,1,0,0,0
7054,1,0,0,1,0,0,0
7055,1,1,0,0,0,1,0
7056,0,0,1,1,0,1,0
7057,0,0,1,0,1,0,0
7058,0,0,0,0,0,0,1
7059,1,0,0,0,0,0,0
7060,0,0,1,0,0,0,0
7061,0,0,0,0,1,0,0
7062,0,0,0,1,1,0,0
7063,0,1,1,0,0,1,0
7064,0,1,0,0,1,0,0
7065,1,0,0,0,0,1,0
7066,1,0,0,0,1,0,0
7067,0,1,0,0,1,0,0
7068,0,1,0,1,0,0,0
7069,1,1,0,0,0,0,0
7070,0,0,0,0,0,0,0
7071,0,0,0,0,0,0,0
7072,1,1,0,0,0,0,0
7073,0,1,1,0,0,1,0
7074,1,0,0,0,0,0,0
7075,0,0,0,0,1,1,0
7076,0,1,1,1,0,0,0
7077,0,0,0,0,0,1,0
7078,1,0,0,0,1,0,0
7079,0,0,0,0,1,0,0
7080,0,1,0,1,0,0,0
7081,0,0,1,1,1,0,0
7082,0,0,0,0,0,0,0
7083,0,0,1,0,0,0,0
7084,1,0,0,0,0,0,0
7085,0,0,0,1,0,0,0
7086,0,0,0,0,0,0,0
7087,0,0,0,1,0,0,0
7088,1,1,0,0,1,0,0
7089,0,0,0,0,0,0,0
7090,1,0,0,0,0,0,0
7091,0,0,0,0,0,0,0
7092,0,0,1,1,0,1,1
7093,0,0,0,0,0,0,0
7094,0,0,0,1,0,0,0
7095,1,0,0,0,0,1,0
7096,0,0,1,0,0,0,0
7097,0,0,1,0,0,0,1
7098,1,0,0,0,0,0,0
7099,1,0,0,0,1,0,0
7100,0,0,0,0,0,0,0
7101,0,0,0,1,0,0,0
7102,0,0,0,0,0,0,0
7103,0,1,0,0,0,0,0
7104,0,0,1,0,0,0,0
7105,0,0,0,0,0,1,0
7106,0,0,0,0,0,0,0
7107,0,0,0,0,0,0,1
7108,1,1,1,1,0,0,0
7109,0,0,0,1,0,0,0
7110,0,0,0,1,1,0,0
7111,0,1,1,0,0,0,0
7112,0,1,0,0,0,1,0
7113,0,0,0,0,1,0,0
7114,0,0,1,0,0,1,0
7115,0,1,1,0,0,0,0
7116,0,1,0,0,0,0,0
7117,1,0,0,0,0,1,0
7118,0,0,0,0,0,0,0
7119,1,1,1,0,0,0,0
7120,0,0,0,0,0,0,0
7121,1,0,0,0,1,0,0
7122,0,0,0,0,0,0,0
7123,0,0,1,0,0,0,0
7124,0,0,0,0,0,0,0
7125,0,0,0,0,0,0,0
7126,0,0,0,0,0,0,0
7127,0,0,0,0,0,0,0
7128,0,0,0,0,0,0,0
7129,0,0,0,0,0,0,0
7130,0,1,0,0,0,0,0
7131,1,0,0,0,0,0,0
7132,0,0,0,0,1,0,1
7133,0,0,1,0,0,0,0
7134,1,0,0,0,0,0,0
7135,0,0,0,0,0,1,0
7136,0,0,0,0,0,0,0
7137,0,0,0,1,0,0,0
7138,0,0,0,0,1,0,0
7139,0,0,0,1,0,0,0
7140,1,1,0,0,1,0,0
7141,0,0,0,1,0,0,0
7142,0,0,0,0,0,0,0
7143,0,0,0,0,0,1,0
7144,0,0,0,1,1,0,0
7145,1,0,0,0,0,0,0
7146,0,0,0,0,0,0,0
7147,1,0,1,0,1,0,0
7148,0,1,0,0,0,1,0
7149,0,0,0,0,0,0,0
7150,1,0,0,0,0,0,0
7151,1,0,0,0,0,0,0
7152,0,0,0,0,0,0,0
7153,0,0,1,0,0,0,0
8002,0,0,0,0,0,0,1
8003,0,1,0,1,0,0,0
8004,0,0,0,1,0,0,0
8005,1,1,0,0,1,0,0
8006,0,0,0,0,0,0,0
8007,0,0,0,1,0,1,0
8008,0,0,0,0,0,0,0
8009,0,0,0,0,0,0,0
8010,0,1,0,1,0,0,0
8011,0,0,0,0,0,0,0
8012,1,0,0,0,0,1,0
8013,0,0,0,0,0,0,0
8014,0,0,0,0,1,0,0
8015,1,1,1,0,0,0,0
8016,1,0,1,0,0,0,0
8017,0,0,0,1,1,0,0
8018,1,0,0,0,1,0,0
8019,0,0,0,0,0,0,0
8020,0,1,1,0,0,0,0
8021,0,0,0,1,1,0,0
8022,0,0,0,1,0,0,0
8023,0,0,0,0,1,0,0
8024,0,0,0,1,0,1,0
8025,0,0,0,0,0,0,0
8026,0,0,0,0,0,1,0
8027,0,0,0,1,0,0,0
8028,0,0,1,0,0,0,0
8029,0,0,0,0,0,0,0
8030,0,0,1,0,0,0,0
8031,1,0,1,0,0,0,0
8032,1,1,0,0,0,1,0
8033,0,0,0,0,0,0,0
8034,1,1,0,0,1,1,0
8035,0,1,1,0,0,0,0
8036,1,0,0,0,0,0,0
8037,0,0,0,0,0,0,0
8038,0,1,1,0,0,0,0
8039,1,0,0,1,0,0,0
8040,1,0,0,0,1,0,0
8041,0,1,0,0,1,0,0
8042,1,1,1,0,1,0,0
8043,0,0,0,0,0,0,0
8044,0,0,0,0,0,1,0
8045,1,1,0,1,1,0,0
8046,0,0,0,0,1,0,0
8047,0,0,0,0,0,0,0
8048,0,0,0,0,0,0,0
8049,0,0,0,0,0,0,0
8050,0,0,0,0,0,0,0
8051,1,0,0,0,0,0,0
8052,1,0,0,0,0,0,0
8053,0,0,0,1,0,0,1
8054,0,0,0,1,0,0,0
8055,0,0,0,0,0,0,0
8056,0,0,0,0,0,1,0
8057,0,0,0,0,1,0,0
8058,0,0,0,0,0,0,0
8059,0,0,0,0,0,0,0
8060,0,1,0,0,0,0,0
8061,1,0,0,0,0,0,0
8062,1,0,1,0,0,0,0
8063,0,1,0,0,0,0,0
8064,0,1,0,0,0,0,0
8065,0,0,1,0,0,1,1
8066,0,0,0,0,0,0,0
8067,0,0,0,1,0,0,0
8068,0,0,0,0,0,0,0
8069,0,0,1,0,0,1,0
8070,0,0,0,0,0,0,0
8071,1,0,0,0,0,0,1
8072,0,0,0,1,0,0,0
8073,0,0,0,0,0,1,0
8074,0,0,0,1,0,0,1
8075,0,1,0,0,0,0,0
8076,1,0,0,0,0,0,0
8077,0,1,1,0,0,1,1
8078,0,0,0,0,0,0,0
8079,1,0,0,0,0,0,0
8080,1,0,0,1,0,0,0
8081,0,0,0,0,0,0,1
8082,0,1,0,0,0,0,0
8083,0,1,0,0,0,0,1
8084,1,0,0,0,0,0,0
8085,0,0,0,0,0,0,0
8086,1,0,0,0,0,0,0
8087,1,0,0,0,0,0,0
8088,0,1,0,1,0,0,0
8089,1,0,0,1,0,1,0
8090,0,0,0,1,1,0,0
8091,0,0,0,0,0,0,0
8092,0,0,0,1,1,0,0
8093,0,0,0,0,0,0,1
8094,0,0,0,0,0,0,0
8095,0,0,0,0,0,0,0
8096,0,1,0,0,0,1,0
8097,0,0,0,0,0,0,0
8098,1,0,0,0,0,0,0
8099,0,0,1,0,0,0,0
8100,1,0,0,0,0,1,0
8101,0,0,0,0,0,0,0
8102,0,0,0,0,0,0,0
8103,1,0,0,0,0,0,0
8104,0,0,0,0,0,0,0
8105,0,0,0,1,0,0,0
8106,0,0,0,1,0,1,0
8107,0,0,0,0,0,0,0
8108,0,1,0,0,0,0,0
8109,1,0,0,0,0,0,0
8110,0,0,0,0,1,1,0
8111,0,0,1,1,0,0,0
8112,0,0,0,0,1,0,0
8113,1,1,0,0,0,0,0
8114,0,0,0,0,0,0,0
8115,0,0,0,0,0,0,1
8116,0,1,0,0,1,0,0
8117,1,0,1,0,0,0,0
8118,0,1,0,0,0,0,0
8119,0,1,0,0,0,0,0
8120,0,1,0,0,1,0,0
8121,1,0,0,0,0,0,0
8122,0,0,0,0,0,0,0
8123,0,1,1,0,0,0,0
8124,0,0,1,1,1,0,0
8125,0,0,0,1,0,0,0
8126,0,1,0,0,0,0,0
8127,0,0,0,0,0,0,1
8128,0,0,0,0,0,1,0
8129,0,0,0,0,1,0,0
8130,0,0,0,0,0,0,1
8131,0,0,1,1,0,1,0
8132,0,0,0,0,0,0,0
8133,0,0,0,0,0,0,0
8134,0,0,1,0,0,0,0
8135,0,0,0,0,0,0,0
8136,0,0,0,0,0,0,0
8137,0,0,0,0,1,1,0
8138,0,0,1,0,0,0,0
8139,0,0,0,0,0,0,0
8140,0,0,0,0,0,1,0
8141,0,0,1,0,0,1,0
8142,0,0,0,0,0,0,0
8143,0,0,1,1,1,0,0
8144,0,0,0,0,0,1,0
8145,0,0,1,0,0,0,0
8146,1,0,0,0,0,1,0
8147,0,0,0,0,0,0,0
8148,0,0,0,1,0,0,0
8149,0,0,0,0,0,0,0
8150,0,0,0,0,0,1,0
8151,0,1,0,0,0,0,0
8152,1,0,0,1,0,0,0
8153,1,0,0,0,0,0,0
9002,0,0,0,0,1,0,0
9003,0,0,0,0,0,0,0
9004,0,0,0,0,0,0,0
9005,0,1,0,1,0,0,0
9006,0,0,1,0,0,0,0
9007,0,1,0,0,1,1,0
9008,0,0,0,1,0,1,0
9009,0,0,1,0,0,0,0
9010,0,0,1,1,1,0,0
9011,1,0,1,0,0,0,0
9012,0,0,1,0,0,0,0
9013,0,0,0,1,0,0,0
9014,1,0,0,1,0,0,0
9015,0,0,0,1,0,0,0
9016,0,0,0,0,0,0,0
9017,0,0,0,1,0,0,1
9018,1,0,0,0,0,0,0
9019,1,1,0,0,0,0,0
9020,0,0,0,0,0,0,0
9021,0,0,0,0,0,1,0
9022,1,1,0,0,0,0,0
9023,0,1,0,0,0,0,0
9024,0,0,0,1,0,0,0
9025,0,0,0,0,0,0,1
9026,0,0,0,0,0,0,0
9027,0,1,0,0,0,0,0
9028,0,0,0,0,1,1,1
9029,0,0,0,1,0,0,0
9030,0,0,1,0,1,1,0
9031,1,0,1,1,0,1,0
9032,0,1,1,0,1,1,0
9033,0,0,0,0,0,0,1
9034,0,0,0,0,0,0,0
9035,1,0,0,0,0,1,0
9036,0,0,0,0,0,0,1
9037,0,0,0,0,0,0,0
9038,0,1,0,0,0,0,0
9039,0,0,0,0,1,0,0
9040,0,0,0,0,0,0,0
9041,0,0,0,0,1,1,0
9042,0,0,0,1,1,1,0
9043,1,1,0,0,0,0,0
9044,0,0,0,0,0,0,0
9045,0,0,0,0,0,1,0
9046,0,0,0,0,0,0,0
9047,0,0,0,0,0,0,0
9048,1,0,0,1,0,0,0
9049,0,0,1,0,0,0,0
9050,0,0,0,1,0,1,0
9051,0,0,0,0,0,0,1
9052,0,1,0,0,1,0,0
9053,0,0,0,0,1,1,0
9054,0,0,0,0,0,0,0
9055,0,0,0,0,0,0,0
9056,0,0,0,0,0,0,0
9057,0,1,0,0,0,0,0
9058,0,0,1,0,0,0,0
9059,0,1,0,0,1,1,1
9060,0,0,1,0,0,0,0
9061,0,0,0,0,0,0,0
9062,0,0,0,0,0,0,0
9063,0,0,0,0,0,1,0
9064,0,0,0,0,0,0,0
9065,0,0,0,0,0,1,0
9066,0,0,0,0,0,0,0
9067,0,0,0,0,1,0,0
9068,0,0,1,0,0,1,0
9069,0,0,0,0,0,0,0
9070,0,0,0,0,0,1,0
9071,0,0,0,0,0,0,0
9072,0,0,0,0,0,0,0
9073,0,1,0,0,0,0,0
9074,1,0,1,1,1,0,0
9075,0,0,1,0,0,0,0
9076,0,0,0,0,0,1,0
9077,0,0,1,0,0,0,0
9078,0,0,1,1,0,0,0
9079,0,0,0,0,0,0,0
9080,0,0,1,0,0,0,0
9081,1,0,0,0,0,0,0
9082,0,0,1,1,0,1,0
9083,0,0,0,0,0,1,0
9084,1,0,0,0,0,1,0
9085,0,0,0,0,1,0,0
9086,0,0,0,1,0,0,0
9087,0,0,0,0,0,0,0
9088,0,1,0,1,0,0,0
9089,0,0,0,1,0,0,0
9090,0,1,1,1,0,0,0
9091,0,0,0,0,0,0,0
9092,0,1,0,0,0,0,1
9093,0,0,0,1,0,0,0
9094,0,0,0,0,0,1,0
9095,0,1,0,0,0,1,0
9096,0,0,0,0,0,1,0
9097,0,0,0,0,0,1,0
9098,0,0,0,0,0,1,0
9099,1,0,0,0,0,0,0
9100,0,0,0,0,0,0,0
9101,0,0,0,0,0,0,0
9102,0,0,1,0,0,1,0
9103,0,0,0,0,0,0,0
9104,0,0,0,0,0,0,0
9105,0,0,0,0,1,0,1
9106,0,0,0,0,0,0,0
9107,0,0,0,0,0,0,0
9108,0,1,0,0,0,0,0
9109,0,0,0,0,0,1,0
9110,1,0,0,0,0,0,0
9111,0,1,0,0,0,0,0
9112,0,0,0,0,0,0,0
9113,1,0,0,0,0,0,0
9114,0,1,0,0,0,0,0
9115,0,0,1,0,0,0,0
9116,0,0,0,1,0,0,0
9117,1,0,0,0,0,0,0
9118,0,0,0,0,0,1,0
9119,0,1,0,0,0,0,0
9120,0,1,0,0,0,0,0
9121,1,0,0,0,0,0,0
9122,0,0,0,1,0,0,0
9123,0,0,0,0,1,0,0
9124,0,0,0,0,0,0,0
9125,1,1,0,0,0,0,0
9126,1,0,0,0,1,0,0
9127,0,0,1,0,0,0,0
9128,1,0,1,1,0,0,0
9129,0,0,0,0,1,0,0
9130,0,0,1,1,0,0,0
9131,0,0,1,0,0,0,0
9132,1,0,0,0,0,0,0
9133,0,1,0,0,0,0,0
9134,1,0,0,0,0,0,0
9135,0,0,0,1,0,0,0
9136,0,0,0,1,0,0,0
9137,0,1,0,0,0,0,0
9138,0,0,0,0,0,0,0
9139,0,0,0,0,0,0,0
9140,0,0,0,0,0,0,0
9141,0,0,0,0,1,0,0
9142,0,1,0,0,1,0,0
9143,1,0,1,0,0,0,0
9144,0,0,1,0,0,0,0
9145,0,0,0,0,0,0,0
9146,1,0,1,0,0,0,0
9147,0,1,0,0,0,0,0
9148,0,0,1,0,0,0,0
9149,0,0,0,0,0,0,0
9150,0,1,0,0,1,0,0
9151,0,0,0,0,0,1,0
9152,1,0,0,0,0,0,0
9153,0,0,0,1,0,0,0
9154,1,0,1,0,0,0,0
10002,0,0,0,0,0,0,0
10003,0,0,1,0,0,0,0
10004,0,0,0,0,1,0,0
10005,1,0,0,1,0,0,0
10006,1,0,0,1,1,0,0
10007,0,0,0,0,0,1,0
10008,0,0,1,0,0,1,0
10009,0,0,0,0,1,0,0
10010,1,1,0,0,0,0,0
10011,0,0,0,0,0,0,0
10012,0,0,1,0,0,0,0
10013,1,0,1,0,0,0,0
10014,0,0,0,0,1,0,0
10015,0,0,0,0,1,0,0
10016,0,0,0,0,0,0,0
10017,0,1,0,0,0,0,0
10018,0,0,0,0,0,1,0
10019,0,0,0,0,1,1,0
10020,0,0,0,0,0,0,0
10021,0,0,0,0,0,0,0
10022,0,0,0,0,0,0,0
10023,0,0,0,1,0,0,0
10024,0,1,0,0,0,0,0
10025,0,0,0,0,0,0,0
10026,0,0,0,0,0,0,1
10027,1,0,0,0,0,0,0
10028,0,0,0,1,0,0,0
10029,1,0,0,0,0,0,0
10030,1,0,0,0,0,1,0
10031,0,0,0,0,0,0,0
10032,0,0,0,1,0,1,0
10033,0,0,0,0,0,0,0
10034,0,1,0,0,1,0,0
10035,0,0,0,0,0,0,0
10036,0,0,0,0,0,0,0
10037,1,0,0,1,0,0,0
10038,1,0,0,0,0,0,0
10039,0,1,0,0,1,1,0
10040,0,0,0,0,0,0,0
10041,0,0,0,0,0,0,0
10042,0,1,0,0,0,1,0
10043,0,0,0,0,0,0,0
10044,0,0,0,0,0,1,0
10045,0,1,0,0,0,0,0
10046,0,0,0,0,0,1,0
10047,0,0,0,0,0,0,0
10048,0,1,0,0,0,0,0
10049,0,0,0,0,0,1,0
10050,0,0,0,0,1,1,0
10051,0,0,0,0,0,1,0
10052,0,0,0,0,1,0,0
10053,0,0,0,0,0,0,0
10054,1,0,1,0,0,0,0
10055,0,0,0,0,1,0,1
10056,0,0,0,0,0,0,0
10057,0,0,0,0,0,1,0
10058,0,0,0,1,0,1,1
10059,0,0,0,0,0,0,0
10060,0,0,0,1,0,1,0
10061,1,0,0,1,0,1,0
10062,0,0,0,0,0,0,0
10063,0,0,0,0,0,0,0
10064,0,1,0,0,1,1,0
10065,0,0,0,0,0,1,0
10066,0,0,0,0,0,1,0
10067,0,0,0,0,0,0,0
10068,0,0,0,0,0,0,0
10069,0,0,1,0,0,0,0
10070,0,0,0,0,1,1,1
10071,0,0,1,0,0,0,0
10072,0,0,0,0,1,0,0
10073,0,0,0,1,0,1,0
10074,0,0,0,0,0,0,0
10075,0,0,0,1,0,0,0
10076,0,0,0,0,0,0,0
10077,0,0,0,0,1,0,0
10078,0,0,0,0,1,0,0
10079,0,0,1,0,0,0,0
10080,0,0,0,0,0,0,0
10081,0,0,0,0,1,0,0
10082,0,0,0,0,0,0,0
10083,0,0,0,0,0,0,0
10084,0,0,0,1,0,0,0
10085,0,1,0,0,0,0,0
10086,0,0,0,0,0,1,0
10087,0,0,1,0,0,0,1
10088,0,1,0,0,1,1,0
10089,0,1,1,0,0,0,0
10090,0,0,0,0,0,0,0
10091,0,0,0,1,0,0,0
10092,0,1,0,0,0,1,0
10093,0,0,0,0,0,0,0
10094,0,0,0,0,1,1,0
10095,0,0,0,0,1,0,0
10096,0,0,0,0,0,0,0
10097,0,0,1,0,0,0,0
10098,0,1,0,0,0,0,0
10099,0,0,0,0,0,1,0
10100,0,0,0,0,0,0,1
10101,0,0,0,1,0,0,0
10102,0,0,0,0,0,0,0
10103,0,1,0,0,0,0,0
10104,0,0,0,0,0,1,0
10105,0,0,0,0,0,0,0
10106,0,0,0,0,0,0,0
10107,0,0,0,0,0,0,0
10108,1,0,0,0,0,0,0
10109,0,0,0,0,0,1,0
10110,1,0,0,0,0,1,0
10111,0,0,0,1,0,0,1
10112,0,0,1,0,0,0,0
10113,1,0,0,0,0,0,0
10114,0,0,1,0,1,0,0
10115,0,0,0,0,0,1,0
10116,1,1,1,1,0,0,0
10117,0,0,0,1,0,1,0
10118,1,0,0,0,1,0,0
10119,0,0,0,0,0,0,0
10120,0,0,0,0,0,0,0
10121,0,0,1,0,0,0,0
10122,0,1,1,0,0,0,1
10123,0,0,1,0,0,1,1
10124,1,0,1,0,0,0,0
10125,0,1,0,0,0,0,0
10126,0,0,1,0,0,0,0
10127,0,0,0,0,0,1,0
10128,1,0,0,0,0,0,1
10129,0,0,1,0,0,0,0
10130,1,0,0,0,0,0,0
10131,0,0,1,0,1,0,0
10132,0,0,0,0,0,0,0
10133,0,0,0,0,0,0,0
10134,0,0,0,1,0,0,0
10135,0,0,0,0,0,0,0
10136,0,0,0,0,0,0,0
10137,0,1,0,0,0,0,0
10138,0,0,0,1,0,0,0
10139,0,1,0,0,0,1,0
10140,0,0,0,1,0,0,0
10141,0,0,0,1,0,0,0
10142,0,0,0,0,0,0,0
10143,0,0,1,1,0,0,0
10144,0,0,1,0,0,0,0
10145,0,0,0,0,1,1,0
10146,0,0,0,1,0,0,0
10147,1,0,0,0,0,0,0
10148,1,1,0,0,1,1,0
10149,1,1,0,0,0,1,0
10150,0,0,1,0,0,0,0
10151,1,0,1,1,0,0,0
10152,0,0,1,0,0,0,0
10153,0,0,0,0,0,1,0
11002,0,0,1,0,0,1,0
11003,0,0,0,0,0,0,0
11004,0,0,0,0,0,0,0
11005,0,0,0,0,0,0,0
11006,1,0,1,0,0,0,0
11007,0,0,0,1,1,0,0
11008,0,1,0,1,0,0,0
11009,0,0,0,1,1,0,0
11010,0,0,0,0,0,0,0
11011,0,0,1,0,0,0,0
11012,1,1,0,0,0,0,0
11013,0,0,1,1,0,0,1
11014,0,1,0,0,1,0,0
11015,1,0,0,0,0,0,1
11016,0,0,0,0,0,0,0
11017,1,0,0,0,0,1,0
11018,0,0,1,0,0,0,0
11019,0,0,0,0,0,0,0
11020,0,0,0,1,1,0,0
11021,0,0,0,1,0,0,0
11022,0,0,1,0,0,0,0
11023,0,0,0,0,0,0,0
11024,0,0,0,0,0,0,0
11025,0,0,0,0,0,0,0
11026,0,0,0,1,0,0,0
11027,0,0,1,0,0,0,0
11028,1,0,1,0,0,0,0
11029,0,0,0,0,0,0,1
11030,0,0,0,0,0,0,1
11031,0,0,1,1,0,1,0
11032,1,0,0,0,0,0,0
11033,0,0,0,0,0,1,0
11034,0,0,1,1,0,0,0
11035,0,0,0,0,0,0,0
11036,0,1,0,1,0,0,0
11037,0,0,0,0,0,0,0
11038,0,0,1,0,1,0,0
11039,1,0,0,0,1,1,0
11040,0,0,0,0,0,0,0
11041,0,0,0,0,0,0,0
11042,1,0,0,1,0,0,0
11043,0,0,0,0,0,0,1
11044,0,0,0,0,0,0,0
11045,0,0,0,1,0,0,0
11046,0,0,0,0,1,0,1
11047,0,0,1,0,0,0,0
11048,0,0,0,1,1,0,0
11049,0,0,0,0,0,0,0
11050,0,0,0,1,0,0,0
11051,0,0,1,0,0,0,0
11052,1,0,0,1,0,0,0
11053,0,1,0,0,0,0,0
11054,0,0,0,1,0,0,0
11055,0,0,0,0,0,0,0
11056,0,0,0,0,0,0,0
11057,0,0,0,0,0,0,0
11058,1,0,0,1,0,0,0
11059,0,0,0,0,1,0,0
11060,0,0,0,1,0,0,0
11061,0,0,0,1,0,0,0
11062,0,0,0,0,0,0,0
11063,1,0,0,1,0,0,0
11064,0,0,0,0,0,1,0
11065,0,0,0,0,0,1,0
11066,0,1,0,0,0,0,0
11067,0,0,0,0,0,1,0
11068,0,0,0,0,0,0,0
11069,0,0,1,1,0,0,0
11070,0,0,0,0,0,0,0
11071,0,0,0,0,0,0,0
11072,0,1,0,0,0,0,0
11073,0,0,0,1,0,0,0
11074,0,0,0,0,0,0,0
11075,0,0,0,0,0,0,0
11076,0,0,0,0,0,0,0
11077,0,1,0,0,0,0,0
11078,0,0,0,0,0,0,0
11079,0,1,1,0,1,0,0
11080,0,1,0,0,0,0,0
11081,0,0,0,0,0,1,0
11082,0,0,1,0,0,0,0
11083,1,0,0,0,0,0,0
11084,0,1,1,0,0,0,0
11085,0,0,0,0,0,1,0
11086,1,1,0,0,0,0,1
11087,1,0,0,1,1,0,0
11088,0,0,0,1,1,1,0
11089,0,0,0,1,1,1,0
11090,1,0,1,0,1,0,0
11091,0,1,0,0,0,1,0
11092,1,0,1,0,0,1,0
11093,0,0,0,0,0,0,0
11094,0,0,1,0,0,0,0
11095,1,0,0,0,0,0,0
11096,1,0,0,0,0,0,0
11097,0,0,1,1,0,0,0
11098,0,0,0,0,1,1,0
11099,0,0,1,0,0,0,0
11100,0,0,0,1,0,0,0
11101,0,0,0,0,0,1,0
11102,0,1,0,0,0,0,0
11103,0,0,0,0,0,0,0
11104,0,0,0,0,0,1,0
11105,1,0,0,0,0,0,0
11106,0,1,0,0,0,0,0
11107,0,0,0,1,0,0,0
11108,0,0,0,0,1,0,1
11109,0,0,0,0,0,0,0
11110,0,1,1,0,0,0,0
11111,0,0,0,0,0,0,0
11112,1,0,0,0,0,0,0
11113,0,1,0,0,1,0,0
11114,0,0,1,0,0,1,0
11115,0,0,0,0,0,0,0
11116,0,0,1,0,0,0,0
11117,0,0,0,0,0,0,1
11118,1,0,0,0,0,0,0
11119,0,0,0,0,0,0,0
11120,0,0,0,0,0,1,0
11121,0,0,0,0,0,0,0
11122,0,0,0,0,0,1,0
11123,0,0,0,0,1,0,0
11124,0,1,0,1,0,0,0
11125,1,1,1,0,0,0,0
11126,0,0,1,0,0,1,0
11127,0,0,0,1,1,0,0
11128,0,0,0,0,1,0,0
11129,0,0,0,0,1,0,0
11130,0,0,0,0,0,0,0
11131,0,0,0,1,0,0,0
11132,0,0,0,0,0,0,0
11133,0,0,1,1,0,0,0
11134,0,0,0,0,0,0,0
11135,0,0,0,1,0,0,0
11136,1,0,0,0,0,0,1
11137,0,0,0,0,0,0,0
11138,0,0,0,0,1,0,0
11139,1,0,0,0,0,1,0
11140,0,0,0,1,0,0,0
11141,0,0,0,0,0,1,0
11142,0,0,0,1,1,0,0
11143,0,0,0,0,0,0,0
11144,0,1,1,0,0,0,0
11145,1,0,0,0,0,1,0
11146,0,0,0,0,0,0,0
11147,1,1,0,0,0,0,0
11148,0,0,0,0,1,0,0
11149,0,0,0,0,0,0,0
11150,0,1,0,0,0,0,0
11151,0,0,0,0,0,0,0
11152,0,0,0,0,1,0,0
11153,0,0,0,0,0,0,0
12002,0,0,0,0,0,0,0
12003,1,1,0,0,0,0,0
12004,0,1,0,0,0,0,0
12005,0,0,0,1,0,0,0
12006,0,0,0,0,1,0,0
12007,0,0,0,1,0,0,0
12008,0,0,0,0,0,1,0
12009,0,0,1,0,0,0,0
12010,0,0,1,0,1,0,0
12011,0,0,0,0,0,0,0
12012,0,0,0,1,0,0,0
12013,1,1,0,0,0,0,0
12014,0,0,0,0,0,1,0
12015,0,0,0,1,0,0,0
12016,1,1,0,0,0,0,0
12017,0,0,0,0,0,0,0
12018,0,0,0,0,0,0,0
12019,0,0,0,0,0,0,0
12020,0,0,1,0,1,0,0
12021,0,0,0,0,1,0,0
12022,0,0,0,0,0,0,0
12023,0,0,1,1,0,0,0
12024,0,0,0,0,1,0,0
12025,0,0,0,0,1,0,0
12026,0,0,0,0,1,0,0
12027,0,0,0,0,0,0,0
12028,0,1,0,1,0,1,0
12029,0,0,0,0,0,0,0
12030,0,0,0,0,0,0,0
12031,0,0,0,0,0,0,0
12032,0,0,1,0,0,0,0
12033,0,0,1,1,0,0,0
12034,0,0,0,1,1,0,0
12035,1,1,0,0,0,0,0
12036,1,0,0,0,0,0,0
12037,0,0,0,0,0,1,0
12038,0,0,1,0,0,0,0
12039,1,0,0,0,0,0,0
12040,1,0,0,0,0,1,1
12041,0,0,0,0,0,1,0
12042,1,0,0,0,0,0,0
12043,0,0,0,0,0,0,0
12044,0,0,0,0,0,0,0
12045,0,0,1,0,0,1,1
12046,0,0,0,0,0,0,0
12047,0,1,0,0,0,0,1
12048,0,1,0,0,0,1,0
12049,0,0,0,0,0,0,0
12050,0,1,0,1,1,0,0
12051,0,0,0,0,0,1,0
12052,1,1,0,0,0,0,0
12053,0,0,0,0,1,0,0
12054,1,0,1,0,0,0,0
12055,0,1,0,1,0,0,0
12056,0,0,0,0,0,0,0
12057,1,0,0,1,0,1,1
12058,1,0,0,0,1,0,0
12059,0,0,0,0,0,0,0
12060,0,0,0,0,1,0,0
12061,0,0,1,1,0,0,0
12062,0,0,0,1,0,0,0
12063,0,0,0,0,1,0,0
12064,0,0,0,0,1,0,0
12065,0,0,0,0,0,0,0
12066,1,0,0,0,0,0,0
12067,0,1,0,0,0,0,0
12068,0,0,0,0,0,1,0
12069,0,0,1,0,0,1,0
12070,0,0,0,0,0,0,0
12071,1,0,0,0,0,0,0
12072,0,0,0,0,0,0,0
12073,0,1,0,0,0,0,1
12074,0,0,0,0,0,0,0
12075,0,0,0,0,0,0,0
12076,0,0,0,1,0,1,0
12077,0,0,0,1,0,0,0
12078,1,0,0,1,1,1,1
12079,0,0,0,0,1,0,0
12080,0,0,0,0,0,1,0
12081,1,0,0,0,0,0,0
12082,1,0,0,1,0,0,0
12083,0,0,0,0,0,0,0
12084,0,0,0,0,0,0,0
12085,0,0,0,0,0,1,0
12086,0,1,0,0,0,0,0
12087,0,0,0,0,1,0,1
12088,1,0,0,0,0,0,0
12089,0,1,0,0,1,0,0
12090,1,0,0,0,0,1,0
12091,0,0,0,1,0,0,0
12092,0,0,0,0,0,0,0
12093,0,0,0,0,0,0,0
12094,0,0,0,0,0,0,0
12095,0,0,0,0,1,1,0
12096,0,0,0,1,1,0,0
12097,1,1,0,0,0,0,0
12098,0,0,0,1,0,0,0
12099,0,0,0,0,1,0,0
12100,0,0,0,0,0,0,0
12101,0,1,1,0,0,0,0
12102,0,0,1,0,1,1,0
12103,1,0,1,0,0,0,0
12104,0,1,0,0,1,0,0
12105,0,0,1,0,0,0,0
12106,0,0,0,0,0,0,0
12107,0,0,1,0,0,0,0
12108,0,1,0,0,0,0,0
12109,0,0,1,0,0,1,0
12110,0,1,0,1,0,1,0
12111,0,0,0,1,0,0,1
12112,0,0,0,1,0,0,0
12113,1,1,0,0,0,0,0
12114,1,0,0,0,0,0,0
12115,1,0,0,0,0,0,0
12116,0,0,0,0,0,1,0
12117,0,0,0,0,1,0,0
12118,1,1,0,0,0,0,0
12119,0,0,0,1,0,0,0
12120,0,0,0,0,1,0,0
12121,0,0,0,0,0,0,0
12122,0,0,0,0,0,0,0
12123,0,1,0,0,0,0,0
12124,1,0,0,0,0,0,0
12125,0,1,1,0,0,0,0
12126,0,0,0,1,1,0,0
12127,0,0,0,0,1,0,0
12128,0,0,0,0,0,0,1
12129,0,1,0,0,0,0,0
12130,0,0,0,0,0,0,0
12131,0,0,0,0,0,0,0
12132,1,1,0,1,0,0,0
12133,1,1,0,0,0,0,0
12134,0,1,0,0,1,0,0
12135,0,0,0,0,0,0,0
12136,0,0,0,0,0,0,0
12137,1,0,0,0,0,0,0
12138,0,0,0,0,0,0,0
12139,0,0,0,1,0,0,0
12140,0,0,0,0,0,0,0
12141,1,0,0,0,0,0,0
12142,0,0,0,1,0,1,0
12143,0,0,0,0,0,1,0
12144,0,0,1,0,0,0,0
12145,0,0,0,0,0,0,0
12146,0,0,0,0,0,1,0
12147,0,0,1,0,0,0,0
12148,1,0,0,1,0,0,0
12149,1,1,0,0,0,0,0
12150,0,1,0,1,0,0,0
12151,0,0,0,0,0,0,0
12152,0,0,0,1,0,1,0
12153,1,0,0,0,1,0,0
12154,0,1,1,0,0,0,0
13002,0,0,0,0,1,1,1
13003,0,0,0,0,1,1,0
13004,0,1,0,0,0,0,1
13005,0,0,0,0,0,0,0
13006,0,0,1,1,0,0,0
13007,0,0,0,0,0,0,0
13008,0,0,0,0,0,0,0
13009,0,0,0,1,0,0,0
13010,0,1,0,0,0,1,0
13011,0,0,1,1,0,1,0
13012,0,0,0,0,1,1,0
13013,0,0,0,1,0,0,0
13014,0,0,0,0,0,0,0
13015,0,1,1,0,0,0,0
13016,1,0,0,0,0,0,0
13017,0,0,0,0,0,1,0
13018,0,0,0,0,0,1,0
13019,0,0,0,0,0,0,0
13020,0,0,1,0,0,0,0
13021,0,0,0,0,0,0,0
13022,0,0,0,0,0,0,0
13023,0,0,0,0,0,0,0
13024,0,0,0,1,0,1,0
13025,0,0,0,0,0,0,0
13026,0,0,0,0,0,0,0
13027,0,0,0,0,0,0,0
13028,1,0,0,0,0,1,0
13029,0,0,1,0,0,1,0
13030,0,0,0,0,1,1,1
13031,0,0,0,0,0,0,0
13032,0,0,0,1,0,0,0
13033,1,0,0,0,0,0,0
13034,0,0,0,0,1,0,0
13035,0,0,1,0,0,1,0
13036,0,0,0,0,0,0,0
13037,0,0,0,0,0,0,0
13038,0,1,0,0,0,0,0
13039,0,0,0,0,0,0,0
13040,0,0,1,0,0,1,0
13041,0,0,0,0,0,0,0
13042,0,0,1,0,0,0,0
13043,1,0,0,0,0,0,0
13044,1,1,0,0,0,0,0
13045,1,1,0,0,0,1,0
13046,0,0,0,0,1,0,0
13047,0,0,0,0,0,0,0
13048,0,1,0,0,1,1,0
13049,0,0,1,0,0,0,0
13050,1,0,0,1,0,0,0
13051,0,0,1,1,0,1,0
13052,0,0,0,0,0,0,0
13053,0,0,1,1,0,0,0
13054,1,0,0,0,0,0,0
13055,0,0,0,1,0,0,0
13056,0,0,0,0,1,1,0
13057,0,0,0,0,1,0,0
13058,0,1,0,1,0,0,0
13059,0,0,0,1,0,0,0
13060,1,0,1,0,0,0,0
13061,1,0,0,0,0,0,0
13062,1,0,0,0,0,0,0
13063,0,1,0,0,1,0,1
13064,0,0,0,0,0,0,0
13065,0,1,0,0,0,1,0
13066,1,0,0,0,0,0,0
13067,1,0,1,0,0,1,0
13068,1,0,0,0,0,1,0
13069,1,0,0,0,0,1,0
13070,1,0,0,0,0,1,0
13071,0,0,0,0,0,0,0
13072,0,0,0,1,0,0,0
13073,0,1,1,0,0,0,0
13074,1,1,1,1,0,0,0
13075,1,0,0,0,0,0,0
13076,0,0,0,0,0,0,0
13077,0,0,0,0,0,0,0
13078,1,0,0,0,1,0,0
13079,1,0,0,1,0,0,0
13080,0,0,0,0,0,0,0
13081,0,0,1,1,0,0,0
13082,0,0,0,1,0,0,0
13083,1,0,0,0,1,0,0
13084,0,0,1,0,0,0,0
13085,0,0,1,0,0,1,0
13086,0,0,0,0,0,0,0
13087,1,0,0,0,0,0,0
13088,0,0,1,0,0,0,0
13089,0,0,1,1,1,0,0
13090,0,0,0,1,0,1,0
13091,0,0,0,0,0,1,0
13092,0,0,0,0,0,1,0
13093,0,0,0,0,0,0,0
13094,0,0,1,0,1,0,0
13095,0,0,0,1,0,0,1
13096,0,0,0,0,1,0,0
13097,1,1,0,0,0,0,0
13098,1,0,0,0,0,0,0
13099,0,0,1,0,0,0,0
13100,0,0,1,1,0,0,0
13101,0,0,0,0,0,0,0
13102,1,0,0,0,0,0,0
13103,0,0,1,0,0,0,0
13104,0,0,1,0,0,1,0
13105,0,1,0,0,0,0,0
13106,0,0,0,0,0,0,0
13107,0,1,0,0,0,0,0
13108,0,0,0,1,0,0,0
13109,0,1,0,0,0,0,0
13110,0,0,0,0,0,0,0
13111,0,0,0,0,0,0,0
13112,0,0,0,0,0,0,0
13113,1,0,1,0,0,1,0
13114,0,1,0,0,0,0,0
13115,0,0,0,1,0,0,0
13116,0,0,0,0,1,0,0
13117,0,1,0,0,1,0,0
13118,0,0,0,1,0,0,0
13119,0,1,0,1,1,0,0
13120,0,0,0,0,1,1,0
13121,0,1,0,0,0,1,0
13122,0,1,1,0,0,0,0
13123,1,1,0,0,1,0,0
13124,1,0,0,1,1,0,1
13125,1,0,0,1,1,0,0
13126,0,0,0,0,0,0,0
13127,0,0,0,1,0,0,0
13128,0,0,0,1,0,0,0
13129,0,0,0,0,0,0,0
13130,1,0,0,0,0,0,0
13131,0,0,1,1,0,0,0
13132,0,0,1,0,0,0,0
13133,1,0,0,0,0,0,0
13134,0,0,0,0,1,0,0
13135,0,1,0,0,0,0,0
13136,1,0,0,0,0,0,0
13137,0,0,0,0,1,0,1
13138,0,0,0,0,0,0,0
13139,0,0,1,0,0,0,0
13140,0,0,0,0,1,0,0
13141,0,0,0,0,1,1,0
13142,0,0,0,0,0,0,0
13143,0,0,0,1,0,0,0
13144,0,0,0,0,0,0,0
13145,1,1,1,0,0,0,0
13146,0,0,0,1,0,0,0
13147,0,0,1,0,0,0,0
13148,0,1,1,0,0,0,0
13149,0,0,0,0,1,1,0
13150,0,0,1,0,0,0,0
13151,0,1,0,1,0,1,0
13152,0,0,0,0,0,0,0
13153,0,1,1,0,0,0,0
13154,0,0,0,1,1,0,0
14002,0,0,0,0,0,1,0
14003,0,0,0,0,0,0,1
14004,0,0,0,1,1,0,0
14005,0,1,0,1,1,0,0
14006,1,0,0,0,0,0,0
14007,0,0,1,0,0,0,0
14008,0,0,0,1,0,0,0
14009,0,0,0,0,0,0,0
14010,0,0,0,0,0,0,0
14011,0,0,0,0,0,0,0
14012,0,0,0,0,0,0,0
14013,0,0,0,1,0,0,0
14014,1,0,0,0,1,0,0
14015,1,0,0,0,0,1,0
14016,0,0,0,0,0,0,0
14017,0,0,0,0,1,0,0
14018,0,0,1,0,0,0,0
14019,0,0,0,0,0,0,1
14020,0,0,0,0,0,0,0
14021,0,0,0,0,0,0,0
14022,1,0,0,0,0,0,0
14023,0,0,0,0,0,0,0
14024,0,0,0,0,0,0,0
14025,1,0,0,1,0,0,0
14026,0,0,0,1,1,0,0
14027,0,0,0,0,0,0,0
14028,0,0,0,0,0,0,0
14029,0,0,0,0,0,0,0
14030,0,0,1,0,1,0,1
14031,0,0,0,1,1,0,0
14032,0,0,0,0,1,0,0
14033,0,0,0,0,0,0,0
14034,0,0,0,0,0,0,0
14035,0,0,0,1,0,0,0
14036,1,1,1,0,0,0,0
14037,0,0,0,0,1,1,0
14038,0,0,0,1,0,0,0
14039,1,0,0,0,0,0,0
14040,1,1,1,0,0,0,0
14041,0,1,1,0,1,0,0
14042,0,1,1,0,0,0,0
14043,1,1,0,0,0,0,0
14044,0,0,0,0,1,0,1
14045,0,0,0,0,1,0,0
14046,0,1,0,1,1,0,0
14047,0,0,0,0,0,0,0
14048,0,0,0,0,1,0,0
14049,0,0,0,0,0,0,0
14050,0,0,0,1,0,0,0
14051,0,0,0,0,1,0,0
14052,0,1,1,0,0,1,0
14053,0,0,0,0,0,1,0
14054,0,0,0,0,0,0,0
14055,0,1,0,0,0,0,0
14056,0,0,0,0,0,0,0
14057,0,0,1,0,0,0,0
14058,1,0,0,0,0,0,0
14059,0,0,0,0,0,0,0
14060,1,0,0,0,0,0,0
14061,0,0,0,0,0,1,0
14062,1,0,0,0,0,0,0
14063,0,0,0,0,1,0,0
14064,0,0,0,0,0,1,0
14065,1,0,0,0,0,0,0
14066,0,0,0,0,0,0,0
14067,0,1,0,0,0,0,0
14068,0,0,0,1,0,0,0
14069,0,0,0,0,0,0,0
14070,0,0,0,0,0,1,0
14071,0,0,0,0,0,0,0
14072,1,0,0,0,0,1,0
14073,0,0,0,0,0,0,0
14074,1,0,0,0,0,0,0
14075,0,0,1,0,1,0,0
14076,0,0,1,1,0,0,0
14077,0,1,0,0,0,0,0
14078,0,0,0,0,0,0,0
14079,1,0,0,0,1,1,0
14080,0,0,0,1,0,0,0
14081,0,0,0,1,0,0,0
14082,1,0,0,0,1,0,0
14083,0,0,0,1,0,0,0
14084,1,0,0,0,0,0,1
14085,0,1,0,0,0,0,0
14086,0,1,0,0,0,0,0
14087,1,0,0,0,0,0,1
14088,0,1,0,0,0,0,0
14089,0,0,1,0,0,0,0
14090,1,0,0,0,1,1,0
14091,0,0,0,0,0,0,0
14092,0,1,0,0,0,0,0
14093,0,0,0,0,0,0,0
14094,0,0,0,1,1,1,0
14095,0,0,0,0,0,0,0
14096,0,0,0,1,0,0,0
14097,0,0,1,0,0,0,0
14098,0,0,0,0,0,0,0
14099,1,0,1,0,0,0,0
14100,0,1,1,0,0,0,0
14101,0,0,0,1,0,1,0
14102,0,0,1,0,1,1,0
14103,0,0,0,0,0,0,0
14104,0,1,0,0,0,1,0
14105,0,0,0,0,0,0,0
14106,0,0,0,0,1,0,0
14107,0,0,0,0,0,0,0
14108,0,0,0,0,0,0,0
14109,0,1,0,0,1,1,0
14110,0,0,1,0,0,0,0
14111,0,0,0,0,0,0,0
14112,0,0,1,0,0,1,0
14113,0,0,1,0,0,0,0
14114,0,0,0,0,0,0,0
14115,0,0,1,0,0,0,0
14116,0,1,1,0,0,0,0
14117,0,0,0,0,0,0,0
14118,1,0,0,1,0,1,0
14119,0,0,0,0,0,0,0
14120,0,0,0,1,0,0,0
14121,0,0,0,0,0,0,0
14122,1,1,0,0,0,0,0
14123,0,0,0,0,0,1,0
14124,0,0,0,1,0,0,0
14125,0,0,1,0,0,0,0
14126,1,1,0,0,1,0,0
14127,0,0,0,0,0,0,0
14128,0,0,0,0,0,0,0
14129,1,1,0,0,0,1,0
14130,0,0,0,0,0,0,0
14131,0,0,1,1,0,0,0
14132,0,0,0,0,0,0,0
14133,0,0,1,0,1,0,0
14134,0,0,0,0,0,0,0
14135,0,0,0,0,0,0,0
14136,0,0,0,0,0,0,0
14137,1,1,0,0,0,0,0
14138,1,0,0,0,0,0,0
14139,0,0,0,0,1,1,1
14140,0,0,0,0,0,0,1
14141,0,1,0,0,1,0,0
14142,0,0,0,0,0,0,0
14143,0,1,0,0,0,0,0
14144,1,1,0,0,0,0,0
14145,0,0,1,0,0,0,0
14146,0,0,1,0,0,1,0
14147,0,0,0,0,0,1,0
14148,0,0,0,0,0,0,0
14149,0,0,0,1,0,0,0
14150,0,0,1,0,0,0,0
14151,1,0,0,0,1,1,0
14152,0,0,0,0,0,0,1
15002,0,0,0,1,0,1,0
15003,0,0,0,0,0,0,0
15004,0,0,0,0,0,0,0
15005,0,0,0,0,0,0,0
15006,0,0,0,0,0,0,0
15007,0,1,0,0,0,0,0
15008,1,0,1,1,0,0,0
15009,1,1,0,1,1,0,0
15010,0,0,0,0,0,1,0
15011,1,0,0,1,0,0,0
15012,1,0,0,0,0,0,0
15013,0,0,0,0,0,0,0
15014,0,0,1,0,0,0,0
15015,0,0,0,0,0,0,0
15016,0,0,1,0,0,0,0
15017,0,1,1,0,0,0,0
15018,1,0,1,0,0,0,0
15019,1,0,0,0,0,0,0
15020,0,0,0,1,0,0,0
15021,0,0,1,0,0,1,0
15022,1,0,0,0,0,0,0
15023,0,1,0,0,0,0,0
15024,0,1,0,1,0,0,0
15025,0,1,0,1,1,0,0
15026,1,0,1,1,0,0,0
15027,1,0,0,0,0,0,0
15028,0,1,0,0,0,1,0
15029,0,0,0,0,0,1,0
15030,0,0,1,0,0,1,0
15031,0,0,0,0,0,0,0
15032,0,1,1,0,0,1,0
15033,1,0,0,0,1,1,0
15034,0,0,0,0,0,0,0
15035,0,0,0,0,0,0,0
15036,1,1,0,1,0,0,0
15037,0,0,1,0,0,0,0
15038,1,0,0,0,0,0,0
15039,0,0,0,0,1,0,0
15040,0,0,0,0,0,0,0
15041,1,0,0,0,1,0,1
15042,0,0,0,1,0,0,0
15043,0,0,0,0,1,0,0
15044,1,0,1,0,0,0,0
15045,1,0,0,0,0,0,0
15046,0,0,0,0,0,0,0
15047,0,0,0,1,1,1,0
15048,0,0,0,0,1,0,0
15049,0,0,1,1,0,0,0
15050,1,0,1,0,0,0,0
15051,0,0,0,0,1,0,0
15052,0,0,0,0,0,0,0
15053,1,1,0,0,0,0,0
15054,0,0,0,0,0,0,0
15055,0,0,0,0,0,1,0
15056,0,1,0,0,0,0,0
15057,0,0,0,1,0,0,0
15058,0,0,0,0,1,0,0
15059,0,0,0,0,0,0,0
15060,0,0,0,0,0,1,0
15061,0,0,0,0,0,0,1
15062,0,0,0,0,0,0,0
15063,0,0,0,1,0,0,0
15064,0,1,0,1,0,0,0
15065,0,0,0,0,0,0,0
15066,0,0,0,0,0,0,0
15067,0,0,0,0,0,0,0
15068,0,0,0,0,0,0,0
15069,0,0,0,1,1,1,0
15070,0,0,0,0,0,0,0
15071,0,1,0,0,1,1,0
15072,1,0,0,0,0,0,0
15073,0,0,0,0,0,1,0
15074,0,1,0,0,1,0,0
15075,0,0,0,0,0,0,0
15076,0,0,0,0,1,0,0
15077,0,0,0,0,0,0,0
15078,0,0,0,1,0,0,0
15079,0,0,1,0,1,1,0
15080,0,0,1,0,0,1,0
15081,0,0,1,0,1,0,0
15082,0,0,0,0,0,1,0
15083,0,0,0,0,0,1,0
15084,0,0,0,0,0,0,0
15085,1,0,0,0,0,1,0
15086,0,0,0,0,0,0,0
15087,0,0,1,1,0,0,0
15088,0,0,0,0,0,0,0
15089,0,0,0,0,0,0,0
15090,0,0,0,1,0,0,0
15091,0,0,1,1,0,0,0
15092,0,0,1,0,0,0,0
15093,1,0,1,0,0,0,0
15094,0,0,0,1,0,0,0
15095,0,0,0,0,0,1,0
15096,0,0,0,0,0,0,0
15097,0,1,0,0,0,0,0
15098,1,0,0,0,0,0,0
15099,0,1,1,0,0,0,0
15100,0,0,0,0,0,0,1
15101,0,0,0,0,0,0,0
15102,0,0,0,0,0,0,0
15103,0,1,0,0,0,0,0
15104,0,0,0,0,1,0,0
15105,1,1,0,0,0,0,0
15106,0,0,0,0,1,1,0
15107,0,1,1,1,0,0,0
15108,0,0,0,0,0,0,0
15109,0,0,0,0,0,0,0
15110,0,1,0,0,0,0,0
15111,0,0,0,0,0,0,0
15112,1,0,0,0,0,0,0
15113,0,0,0,0,0,0,0
15114,1,0,0,0,0,0,0
15115,1,0,0,0,0,0,0
15116,1,0,1,0,0,0,0
15117,1,0,0,0,0,1,0
15118,0,1,0,0,0,0,0
15119,0,1,0,0,0,0,0
15120,0,0,0,0,1,1,0
15121,1,0,0,0,0,0,0
15122,1,0,0,0,0,0,0
15123,1,1,0,1,0,0,1
15124,1,1,0,0,1,0,0
15125,0,0,1,0,0,0,0
15126,0,1,0,1,0,0,0
15127,1,0,0,1,0,0,0
15128,0,0,0,0,0,0,0
15129,0,0,0,0,1,0,0
15130,0,0,1,0,0,0,0
15131,0,1,1,1,1,1,0
15132,0,0,0,0,0,0,0
15133,0,0,0,0,1,0,0
15134,0,0,0,0,0,1,0
15135,0,0,0,0,0,0,0
15136,1,0,0,0,1,1,0
15137,0,0,0,0,1,0,0
15138,1,0,0,1,0,0,0
15139,0,0,0,0,1,0,0
15140,0,0,0,0,0,1,0
15141,0,0,0,0,1,0,0
15142,0,0,1,0,0,0,0
15143,0,0,0,1,0,0,0
15144,0,0,0,0,0,1,0
15145,0,1,0,1,0,0,0
15146,0,0,1,1,0,1,0
15147,0,0,0,0,1,0,0
15148,0,0,0,1,0,0,1
15149,0,0,0,1,0,0,0
15150,1,0,0,0,0,0,1
15151,0,0,0,0,0,1,0
15152,0,0,0,0,1,0,0
15153,0,0,0,0,0,0,0
15154,0,0,0,0,0,0,0
16002,0,0,0,0,0,0,0
16003,0,0,0,0,0,0,0
16004,0,0,1,0,0,0,0
16005,0,1,0,0,0,0,0
16006,0,0,1,0,0,0,0
16007,1,0,0,0,0,0,0
16008,1,0,0,0,1,0,0
16009,0,0,0,0,0,0,0
16010,1,0,0,0,0,0,0
16011,0,0,0,0,0,0,0
16012,0,0,0,0,0,0,0
16013,1,0,0,0,1,0,0
16014,0,0,0,0,0,0,1
16015,0,0,0,0,0,0,0
16016,0,0,0,0,1,0,0
16017,1,1,0,1,1,1,0
16018,0,0,0,0,0,0,0
16019,1,0,0,0,0,1,0
16020,0,0,0,1,0,0,0
16021,0,0,0,0,0,0,0
16022,0,0,0,0,0,1,0
16023,0,1,0,0,1,0,0
16024,0,0,0,1,0,0,0
16025,1,1,0,0,0,0,0
16026,0,0,0,0,0,0,0
16027,0,0,1,0,0,0,0
16028,0,0,0,0,0,1,0
16029,0,0,0,1,0,1,0
16030,0,0,1,0,0,1,0
16031,0,0,0,0,0,0,0
16032,0,0,0,0,0,0,0
16033,0,0,0,0,0,1,0
16034,0,0,0,0,1,0,0
16035,0,0,0,0,0,0,0
16036,1,0,0,0,0,0,0
16037,0,0,1,0,0,0,0
16038,0,0,0,0,0,0,0
16039,0,0,0,0,0,1,0
16040,0,1,0,1,0,0,0
16041,0,0,0,1,1,0,0
16042,0,0,0,0,0,1,0
16043,0,0,0,0,1,0,0
16044,0,0,0,0,0,0,0
16045,0,0,0,0,0,0,0
16046,0,0,0,1,0,1,0
16047,0,0,0,0,0,0,0
16048,0,1,0,0,0,0,0
16049,1,0,1,0,0,0,0
16050,1,1,0,0,1,1,0
16051,0,1,0,0,0,0,0
16052,1,0,0,0,0,1,0
16053,0,1,0,0,0,0,0
16054,0,0,0,0,0,1,0
16055,1,0,0,0,0,0,0
16056,1,0,0,1,0,0,0
16057,0,0,0,1,0,0,0
16058,0,0,0,1,0,0,0
16059,0,0,0,0,0,0,0
16060,1,0,0,0,0,0,1
16061,1,0,0,0,0,0,0
16062,0,0,1,1,0,0,0
16063,0,0,0,1,0,0,0
16064,0,0,0,1,1,1,0
16065,0,0,0,0,1,0,0
16066,0,0,0,0,0,0,0
16067,0,0,0,0,0,0,0
16068,1,0,0,0,0,0,0
16069,0,1,0,0,0,0,1
16070,0,0,1,1,0,0,0
16071,0,0,0,0,0,0,0
16072,0,0,0,0,1,0,0
16073,0,0,0,1,1,0,0
16074,0,0,1,1,0,0,0
16075,1,0,0,1,0,0,0
16076,0,0,0,1,0,0,0
16077,0,0,0,1,0,1,0
16078,0,0,0,0,0,0,0
16079,0,0,0,0,1,0,0
16080,0,0,0,0,0,0,0
16081,0,0,0,0,0,0,0
16082,0,0,1,1,0,0,1
16083,0,0,0,0,0,1,0
16084,0,0,0,1,0,0,0
16085,0,1,1,1,0,0,0
16086,0,1,0,0,0,1,0
16087,1,1,0,0,0,0,0
16088,1,0,0,0,0,0,0
16089,0,0,0,0,0,0,0
16090,0,0,0,0,0,1,1
16091,0,1,0,0,0,0,0
16092,0,1,1,0,1,0,1
16093,0,0,0,0,0,0,0
16094,1,0,1,0,0,0,0
16095,1,1,0,0,0,1,0
16096,1,0,1,0,0,0,0
16097,0,0,0,0,1,0,0
16098,0,1,0,0,0,1,0
16099,0,1,0,0,0,0,0
16100,1,0,0,0,1,1,0
16101,1,0,0,0,0,0,0
16102,0,1,0,0,0,0,0
16103,0,0,0,0,1,0,0
16104,0,0,0,0,0,0,0
16105,0,0,0,0,0,0,0
16106,0,0,1,0,0,0,0
16107,1,0,0,0,0,0,0
16108,0,0,0,0,0,0,0
16109,0,0,1,0,0,1,0
16110,0,0,0,0,0,1,0
16111,1,0,1,0,0,0,0
16112,0,0,1,0,0,0,0
16113,0,0,1,1,0,0,0
16114,0,0,0,0,0,1,0
16115,0,0,0,0,0,0,0
16116,0,0,0,1,0,1,0
16117,1,0,1,0,0,0,0
16118,0,0,0,1,0,1,0
16119,0,0,0,0,0,0,0
16120,1,0,0,0,1,0,0
16121,1,0,0,0,0,0,0
16122,0,0,1,1,0,1,0
16123,0,0,0,0,0,1,0
16124,0,0,0,0,0,0,0
16125,0,0,0,0,0,1,0
16126,0,0,0,0,0,0,0
16127,0,0,0,0,0,0,0
16128,0,1,0,1,0,0,0
16129,1,0,0,0,0,0,0
16130,1,0,0,0,1,0,0
16131,0,0,0,1,0,0,1
16132,1,1,0,0,0,0,0
16133,0,0,0,0,0,0,0
16134,0,0,0,0,0,0,0
16135,0,0,1,0,0,0,0
16136,0,0,0,0,0,0,0
16137,0,1,1,0,0,0,0
16138,0,0,0,0,0,1,0
16139,0,0,0,0,0,1,0
16140,1,0,0,0,0,0,1
16141,0,0,0,1,0,0,0
16142,0,1,0,0,0,0,0
16143,0,1,0,0,0,0,0
16144,0,0,0,0,0,1,0
16145,1,0,0,0,0,0,0
16146,1,0,0,0,1,0,0
16147,0,0,0,0,0,0,0
16148,1,0,0,0,1,1,0
16149,0,0,0,0,1,0,0
16150,1,0,0,0,0,0,0
16151,0,0,1,0,0,0,0
16152,0,0,0,1,0,0,1
16153,0,0,0,0,0,0,0
17002,0,0,0,0,0,0,0
17003,0,0,1,0,0,0,0
17004,0,0,0,0,0,0,0
17005,0,1,0,0,0,0,0
17006,0,0,0,0,1,1,0
17007,0,0,0,0,0,0,0
17008,0,0,0,0,1,1,0
17009,0,0,1,0,0,0,0
17010,0,0,0,0,0,0,0
17011,0,1,0,0,0,0,0
17012,0,0,1,1,0,0,0
17013,0,0,0,0,0,1,0
17014,0,0,0,1,0,0,0
17015,0,0,1,0,0,0,0
17016,0,0,0,0,1,0,0
17017,1,0,0,0,0,0,0
17018,0,0,0,1,0,0,0
17019,1,1,0,0,0,0,0
17020,0,1,0,0,0,0,0
17021,0,0,0,0,0,1,0
17022,0,0,0,0,0,0,0
17023,0,0,0,0,0,0,0
17024,0,0,0,0,0,0,0
17025,0,0,1,0,0,0,0
17026,0,0,0,0,0,0,0
17027,0,0,1,0,0,0,0
17028,0,0,1,0,1,0,0
17029,0,0,1,0,0,0,1
17030,0,0,0,0,0,0,0
17031,0,0,0,0,0,0,0
17032,0,0,0,1,0,0,0
17033,0,0,1,0,0,1,0
17034,0,0,0,0,0,0,0
17035,1,0,1,1,0,0,0
17036,0,0,0,0,0,0,0
17037,0,0,0,0,0,0,0
17038,0,1,0,0,0,0,0
17039,0,0,0,1,0,0,0
17040,0,0,1,0,0,1,1
17041,0,0,1,0,0,0,0
17042,0,0,0,0,0,0,0
17043,0,0,0,0,0,0,0
17044,0,0,1,0,0,0,0
17045,0,0,0,0,0,0,0
17046,0,0,0,0,0,0,0
17047,1,1,0,0,0,0,0
17048,0,1,0,1,0,0,0
17049,0,0,0,0,0,0,0
17050,0,0,0,0,0,0,0
17051,0,0,0,0,0,0,0
17052,0,0,0,0,0,0,1
17053,0,0,1,0,0,1,0
17054,1,0,0,1,1,1,0
17055,0,0,1,0,0,0,0
17056,0,0,0,0,0,0,0
17057,0,0,0,0,0,0,0
17058,0,0,0,0,0,0,0
17059,1,1,0,0,1,0,0
17060,0,0,0,0,0,0,0
17061,1,0,0,0,0,0,0
17062,0,0,0,0,0,1,0
17063,0,0,0,0,0,0,0
17064,0,0,0,0,0,0,0
17065,0,0,0,1,1,0,0
17066,0,0,0,0,0,0,0
17067,0,0,0,1,0,0,0
17068,1,0,0,0,0,1,0
17069,0,0,0,0,1,1,0
17070,1,0,0,1,1,0,0
17071,0,0,0,0,0,0,0
17072,0,1,0,0,0,1,0
17073,1,0,0,0,1,1,0
17074,1,0,0,1,0,0,0
17075,1,0,0,0,0,1,0
17076,0,1,0,0,0,0,0
17077,1,0,0,1,0,0,0
17078,0,0,0,1,0,0,0
17079,0,0,0,0,1,0,0
17080,0,0,0,1,0,0,0
17081,0,0,0,0,0,0,0
17082,0,0,0,1,1,1,0
17083,0,0,0,0,1,0,0
17084,0,1,0,0,0,0,0
17085,1,0,0,0,0,1,0
17086,0,0,1,1,0,0,0
17087,0,1,0,0,0,0,0
17088,0,0,0,1,0,1,1
17089,0,0,0,0,0,0,0
17090,1,1,1,0,0,0,0
17091,0,1,0,0,0,1,0
17092,0,0,0,0,0,1,0
17093,0,0,0,0,0,0,0
17094,0,1,0,0,1,1,0
17095,0,0,0,0,0,0,0
17096,0,1,1,0,0,0,0
17097,1,1,1,0,0,0,0
17098,0,0,0,0,1,0,0
17099,1,0,0,0,0,1,0
17100,0,0,0,0,0,0,0
17101,0,0,0,0,0,0,0
17102,0,0,1,0,0,0,0
17103,0,0,0,0,0,0,0
17104,0,0,0,0,0,0,0
17105,1,1,0,0,0,0,0
17106,0,0,1,0,0,0,0
17107,1,1,0,0,0,0,0
17108,0,0,0,1,0,0,0
17109,0,1,0,1,1,1,0
17110,0,0,1,0,0,0,0
17111,0,0,0,0,0,0,1
17112,1,1,1,0,1,0,0
17113,1,0,0,0,0,0,0
17114,0,0,1,0,0,0,0
17115,1,1,0,0,0,1,0
17116,1,0,0,0,0,1,0
17117,0,1,0,0,0,0,0
17118,0,1,0,0,0,0,0
17119,0,0,0,0,0,1,0
17120,0,0,0,0,0,0,0
17121,0,0,1,1,0,0,0
17122,0,0,0,0,0,0,0
17123,0,0,0,0,0,0,0
17124,0,0,0,0,0,1,0
17125,0,0,0,0,1,1,0
17126,0,0,0,1,1,0,0
17127,0,0,0,0,0,0,0
17128,1,0,0,1,0,0,0
17129,0,0,0,0,0,0,0
17130,0,0,0,0,0,0,0
17131,0,1,0,0,1,0,0
17132,1,0,0,0,1,0,0
17133,0,0,1,0,0,0,0
17134,0,1,0,0,0,0,0
17135,0,0,0,0,0,0,0
17136,0,0,0,0,0,0,1
17137,1,0,0,0,0,0,0
17138,0,0,0,0,0,1,0
17139,0,0,0,0,0,0,0
17140,0,0,0,1,0,1,0
17141,1,0,0,0,0,0,1
17142,0,0,1,0,0,0,0
17143,0,0,0,1,1,0,0
17144,1,0,1,1,0,1,0
17145,0,0,0,0,1,0,0
17146,0,0,0,0,0,0,0
17147,0,0,1,0,0,0,0
17148,0,0,0,0,0,0,0
17149,0,0,0,1,1,0,0
17150,0,1,0,0,0,0,0
17151,0,0,1,0,0,1,0
17152,1,0,0,0,0,0,0
17153,0,1,0,0,0,0,0
17154,0,0,0,0,0,0,0
18002,0,0,0,0,0,0,0
18003,0,0,0,0,0,1,0
18004,0,0,0,1,0,0,0
18005,0,0,0,0,0,0,1
18006,1,1,0,0,0,0,0
18007,0,0,0,0,0,0,0
18008,0,0,1,0,0,0,0
18009,0,0,0,0,0,0,0
18010,0,0,0,1,0,0,0
18011,1,0,0,0,1,0,0
18012,0,0,0,0,0,0,0
18013,0,1,0,1,0,1,0
18014,0,0,0,1,0,0,0
18015,0,0,0,0,1,0,0
18016,0,0,0,0,1,1,0
18017,0,1,0,1,1,0,0
18018,0,0,0,0,0,0,1
18019,0,0,0,0,0,0,0
18020,0,0,0,0,0,0,0
18021,0,0,0,0,0,0,0
18022,0,1,0,0,1,1,0
18023,0,0,0,0,0,0,0
18024,0,0,0,0,0,1,0
18025,0,0,0,1,0,0,0
18026,0,0,0,0,0,0,0
18027,0,0,0,0,0,0,0
18028,0,0,1,1,0,0,0
18029,1,0,0,0,0,0,0
18030,0,0,0,1,0,0,0
18031,0,0,0,0,0,1,0
18032,0,0,0,0,0,0,0
18033,0,0,0,0,0,1,0
18034,1,0,0,0,0,0,0
18035,1,0,0,0,0,0,0
18036,0,0,0,0,0,1,0
18037,0,1,0,0,1,0,0
18038,0,0,0,0,0,1,0
18039,0,0,0,1,0,0,0
18040,0,0,0,1,0,0,0
18041,0,0,0,1,0,1,0
18042,0,0,0,0,0,1,0
18043,1,0,0,0,1,0,0
18044,0,0,0,1,0,0,1
18045,0,0,0,0,0,0,0
18046,0,1,0,1,0,0,0
18047,1,0,1,0,0,0,0
18048,1,0,0,0,0,0,0
18049,0,1,0,1,0,0,0
18050,0,0,0,0,0,0,0
18051,0,0,0,1,1,1,0
18052,1,1,0,0,0,0,0
18053,0,0,1,0,0,0,0
18054,1,0,0,0,1,0,0
18055,0,0,0,0,0,0,0
18056,1,0,0,0,0,0,0
18057,1,0,0,0,0,1,0
18058,0,0,0,0,0,0,0
18059,1,1,1,0,0,0,0
18060,0,0,0,0,0,0,0
18061,0,0,0,0,0,0,0
18062,0,0,0,0,0,0,0
18063,0,0,1,0,0,0,0
18064,0,1,1,1,0,0,0
18065,1,0,0,0,1,0,0
18066,0,0,0,1,0,0,0
18067,0,0,1,0,0,0,0
18068,0,0,0,1,1,0,0
18069,1,0,0,0,0,0,0
18070,0,0,1,0,0,0,0
18071,1,0,0,0,0,0,0
18072,0,1,0,1,1,0,0
18073,0,0,1,1,0,0,0
18074,0,0,0,0,0,0,0
18075,0,0,1,0,0,0,0
18076,0,1,1,0,0,0,0
18077,1,0,0,0,0,0,0
18078,0,0,1,0,0,1,0
18079,0,0,1,0,0,0,0
18080,1,0,0,0,0,0,0
18081,0,0,1,0,0,0,0
18082,0,1,0,1,0,0,1
18083,1,0,0,0,0,0,0
18084,0,0,0,0,0,0,0
18085,0,0,0,0,1,0,0
18086,0,0,0,1,0,1,0
18087,0,0,1,1,0,0,0
18088,0,0,0,0,0,0,0
18089,0,1,1,0,0,0,0
18090,1,0,0,0,0,0,0
18091,0,0,0,1,0,0,0
18092,0,0,0,0,1,0,0
18093,0,0,0,1,0,0,0
18094,1,0,0,0,0,1,0
18095,0,0,1,0,1,0,0
18096,0,0,0,0,0,1,0
18097,1,0,0,1,1,0,0
18098,0,1,0,1,0,1,0
18099,1,0,0,1,1,1,0
18100,0,0,0,0,0,0,0
18101,0,0,1,0,0,0,0
18102,1,1,0,0,0,0,0
18103,0,0,1,0,0,0,0
18104,1,0,1,0,0,0,0
18105,0,0,0,0,0,0,0
18106,1,0,0,0,1,0,1
18107,0,0,0,0,1,0,0
18108,1,1,0,1,1,0,0
18109,0,0,0,1,0,0,0
18110,0,0,1,0,1,0,0
18111,0,1,0,0,0,0,0
18112,0,1,0,0,1,0,0
18113,0,0,0,1,0,1,0
18114,1,0,0,0,1,0,0
18115,0,0,0,1,0,0,0
18116,0,0,0,0,0,0,0
18117,0,0,0,0,0,0,0
18118,0,0,0,1,0,0,0
18119,0,0,1,0,0,0,0
18120,0,0,0,0,0,0,0
18121,0,0,0,1,1,0,0
18122,0,0,0,0,0,1,0
18123,0,0,0,0,0,0,0
18124,0,1,1,0,0,0,0
18125,0,1,1,0,0,0,0
18126,0,0,0,0,0,0,0
18127,0,0,0,1,0,0,0
18128,0,0,0,1,0,0,0
18129,0,0,1,1,0,0,0
18130,0,0,0,0,0,0,0
18131,0,0,0,0,0,0,0
18132,0,0,0,0,0,0,0
18133,0,1,1,1,0,0,0
18134,0,0,0,0,0,0,0
18135,0,0,0,0,0,0,0
18136,0,0,0,0,1,0,0
18137,0,0,0,0,0,0,0
18138,0,0,0,0,0,0,0
18139,0,0,1,0,1,0,0
18140,0,0,0,0,0,0,0
18141,0,1,0,1,0,0,0
18142,0,0,0,1,1,0,0
18143,1,0,1,0,0,0,0
18144,0,0,1,1,0,0,0
18145,0,0,0,0,1,0,0
18146,0,0,0,0,0,0,0
18147,0,0,0,0,0,1,0
18148,0,0,0,1,0,1,0
18149,0,0,1,0,0,0,0
18150,0,0,0,0,1,1,0
18151,0,0,0,1,0,0,0
18152,1,1,0,0,0,0,0
18153,0,0,1,1,0,0,0
19002,1,0,0,0,0,0,0
19003,0,0,0,1,0,0,0
19004,0,1,0,1,0,0,0
19005,0,0,0,0,1,0,0
19006,0,0,0,0,1,1,0
19007,0,0,0,0,1,0,0
19008,1,0,0,0,0,0,0
19009,0,0,0,0,0,0,0
19010,1,0,0,0,0,0,0
19011,0,1,0,0,1,0,0
19012,0,1,0,0,1,0,0
19013,0,0,0,1,1,0,0
19014,1,0,1,1,0,0,0
19015,0,0,0,0,1,0,0
19016,0,1,0,0,0,0,0
19017,0,0,0,0,0,1,0
19018,0,0,0,0,0,0,0
19019,0,0,1,0,0,0,0
19020,0,0,1,1,1,0,0
19021,0,1,0,0,0,0,0
19022,0,0,0,0,0,0,0
19023,0,1,0,1,0,0,0
19024,0,0,0,0,1,0,0
19025,0,0,0,0,0,0,0
19026,0,0,0,0,1,0,0
19027,1,1,0,0,0,0,0
19028,0,0,0,0,0,0,1
19029,0,1,0,0,1,0,1
19030,0,0,0,0,0,0,0
19031,0,0,0,1,0,0,0
19032,0,1,0,0,0,0,0
19033,0,0,1,0,0,0,0
19034,0,1,0,0,0,0,0
19035,0,0,0,0,0,0,0
19036,0,0,0,0,0,0,0
19037,1,0,0,0,1,0,0
19038,0,1,0,0,0,0,0
19039,0,0,0,0,0,0,0
19040,0,0,0,0,0,0,0
19041,0,0,0,0,0,0,0
19042,0,0,1,0,0,0,0
19043,0,0,1,0,0,0,1
19044,0,0,1,0,0,0,0
19045,0,0,0,1,0,0,0
19046,1,0,1,0,0,0,0
19047,0,0,1,0,0,0,0
19048,0,1,0,0,0,1,0
19049,0,1,0,0,0,0,0
19050,0,0,1,0,0,0,0
19051,1,1,1,0,0,0,0
19052,0,1,1,0,0,0,0
19053,0,0,0,0,0,1,0
19054,0,0,0,0,0,0,0
19055,0,0,1,0,0,0,0
19056,0,0,1,1,0,0,0
19057,0,1,0,0,0,0,0
19058,0,0,0,0,0,0,0
19059,1,0,0,0,0,0,0
19060,0,0,0,1,0,0,0
19061,0,0,1,0,1,0,0
19062,0,0,0,0,1,0,1
19063,0,0,0,0,0,0,0
19064,0,0,0,0,0,0,0
19065,0,0,1,0,0,0,1
19066,0,0,0,0,0,0,0
19067,0,1,0,0,0,0,0
19068,0,0,0,0,0,1,0
19069,1,1,0,0,1,0,0
19070,0,0,0,1,0,0,0
19071,0,0,0,0,0,1,0
19072,0,0,0,1,0,0,0
19073,0,0,0,1,0,0,1
19074,0,0,0,0,0,1,0
19075,1,0,0,0,0,0,0
19076,0,0,1,0,0,0,0
19077,0,0,1,0,0,0,0
19078,0,0,0,0,0,1,0
19079,0,0,1,0,0,0,0
19080,1,0,0,0,1,0,0
19081,0,0,0,0,0,1,0
19082,0,0,0,0,0,0,0
19083,0,0,0,0,0,1,0
19084,0,0,1,0,0,0,0
19085,0,0,0,0,0,0,0
19086,0,0,0,0,0,0,0
19087,1,0,0,0,0,0,0
19088,0,0,1,0,0,0,1
19089,0,0,1,1,0,0,0
19090,1,1,0,0,0,0,0
19091,1,1,0,0,0,0,0
19092,0,0,0,0,0,0,0
19093,0,1,0,0,0,0,0
19094,1,0,1,1,0,1,0
19095,0,0,0,0,1,0,0
19096,1,1,0,0,0,0,0
19097,1,0,0,0,1,0,0
19098,0,0,0,0,0,0,1
19099,0,0,0,1,1,0,0
19100,0,0,0,0,0,0,0
19101,1,0,0,0,0,1,0
19102,0,0,0,1,0,0,0
19103,0,0,1,0,0,1,0
19104,0,0,0,0,0,0,1
19105,0,0,0,0,0,1,0
19106,0,0,0,0,0,0,0
19107,1,0,0,0,0,0,0
19108,1,0,0,0,0,0,0
19109,0,1,0,0,0,0,0
19110,1,0,0,1,0,0,0
19111,0,0,0,1,1,0,0
19112,1,0,0,0,0,1,0
19113,0,0,0,0,0,1,0
19114,0,0,0,0,0,0,0
19115,1,0,1,0,0,0,0
19116,0,1,1,0,0,0,0
19117,1,0,0,0,0,0,0
19118,0,0,1,0,0,0,0
19119,0,0,0,0,0,0,0
19120,0,0,1,0,0,0,0
19121,1,0,0,0,0,0,0
19122,0,1,0,0,0,0,0
19123,0,0,0,0,0,1,0
19124,0,0,0,0,0,0,0
19125,0,0,0,0,1,1,0
19126,0,0,0,0,0,0,0
19127,0,0,0,0,0,0,0
19128,0,0,0,0,0,0,0
19129,0,0,0,0,1,0,0
19130,0,0,0,0,0,0,0
19131,0,1,0,0,0,0,0
19132,0,1,1,1,0,0,0
19133,0,0,0,0,1,0,0
19134,0,0,0,0,0,1,0
19135,1,0,0,0,0,0,0
19136,0,0,0,0,0,0,0
19137,0,1,1,0,0,0,0
19138,1,1,0,0,0,0,1
19139,0,0,0,0,0,1,0
19140,0,0,1,1,0,0,0
19141,0,0,0,0,0,0,0
19142,0,0,0,0,1,0,0
19143,0,1,1,0,0,0,0
19144,0,0,0,0,0,1,0
19145,1,1,0,0,1,0,0
19146,0,1,0,0,0,0,0
19147,0,0,1,0,0,0,0
19148,0,0,0,0,0,0,0
19149,0,0,0,0,0,1,0
19150,0,0,0,0,0,0,0
19151,1,1,0,0,0,0,0
20002,0,1,0,0,0,0,0
20003,0,0,0,0,0,0,0
20004,0,0,0,1,0,0,0
20005,0,0,0,0,0,0,0
20006,1,0,0,0,0,0,0
20007,0,0,0,0,0,0,1
20008,1,1,0,0,1,0,0
20009,0,1,0,0,0,0,0
20010,0,0,1,0,0,0,0
20011,0,0,0,0,0,0,0
20012,1,0,0,0,0,0,0
20013,0,0,0,0,0,0,0
20014,0,1,1,0,0,0,0
20015,1,1,0,0,0,0,0
20016,1,0,0,0,0,0,0
20017,0,0,0,0,0,0,0
20018,0,0,0,1,0,0,0
20019,0,0,1,1,0,0,0
20020,0,1,0,0,0,0,0
20021,0,0,0,0,0,0,0
20022,0,0,0,0,0,0,0
20023,0,0,0,0,0,0,0
20024,0,0,0,0,1,1,0
20025,0,0,1,0,0,0,0
20026,0,1,0,0,0,0,0
20027,0,0,0,0,1,1,0
20028,0,0,0,0,0,0,0
20029,0,0,0,0,0,0,0
20030,0,0,1,0,0,0,0
20031,0,0,0,0,0,0,1
20032,1,0,0,0,0,0,0
20033,0,0,0,0,1,0,0
20034,0,0,0,0,0,0,0
20035,0,0,0,0,1,0,0
20036,0,0,0,0,1,0,0
20037,0,0,0,0,0,0,0
20038,1,0,0,0,0,0,0
20039,1,0,0,0,0,0,0
20040,0,0,0,0,0,0,0
20041,0,0,0,0,1,0,0
20042,1,1,0,1,0,0,0
20043,0,0,1,1,1,0,0
20044,0,0,1,1,1,0,0
20045,0,0,0,0,1,0,0
20046,0,0,0,0,0,0,1
20047,0,1,0,0,0,0,0
20048,0,0,0,0,0,0,0
20049,0,0,0,0,1,0,0
20050,0,1,0,0,0,0,0
20051,0,0,0,0,1,1,0
20052,0,0,0,0,0,0,0
20053,0,0,1,0,0,0,0
20054,1,0,0,0,0,0,0
20055,1,0,0,0,0,0,0
20056,1,0,0,0,0,0,0
20057,0,0,0,0,0,0,0
20058,0,0,0,0,0,0,0
20059,1,0,1,0,0,0,0
20060,0,0,0,0,0,0,1
20061,0,1,0,1,0,0,0
20062,0,0,1,1,0,0,0
20063,0,0,0,0,0,0,0
20064,0,0,0,0,1,0,0
20065,0,0,1,1,1,1,0
20066,1,1,1,0,0,0,0
20067,1,1,0,0,0,0,0
20068,0,0,0,0,1,1,0
20069,1,0,0,0,1,0,0
20070,0,0,0,0,0,0,0
20071,0,1,1,1,0,0,0
20072,0,1,0,1,1,0,0
20073,1,1,0,0,0,0,0
20074,0,0,0,1,0,0,0
20075,0,1,0,0,1,1,0
20076,0,0,1,0,0,0,0
20077,0,1,0,1,1,0,0
20078,0,1,0,0,0,0,0
20079,1,0,0,0,0,1,0
20080,0,0,1,0,0,0,0
20081,1,0,0,0,1,0,0
20082,0,0,0,1,0,0,0
20083,0,0,0,0,0,1,0
20084,0,1,0,1,0,0,0
20085,0,0,0,0,0,0,0
20086,0,0,0,0,0,0,0
20087,0,0,0,1,0,0,0
20088,0,1,0,0,0,0,0
20089,0,0,0,0,0,0,0
20090,0,0,0,0,0,1,0
20091,0,1,1,1,0,0,0
20092,0,0,0,0,1,0,0
20093,0,1,0,1,0,0,0
20094,0,1,0,1,0,1,1
20095,1,0,0,1,0,0,0
20096,0,0,0,0,1,0,0
20097,0,0,0,0,0,1,0
20098,0,1,0,0,1,0,0
20099,1,0,0,0,0,1,0
20100,0,0,0,0,0,0,0
20101,0,0,0,0,1,0,0
20102,0,1,0,0,0,1,0
20103,0,1,0,0,1,0,1
20104,1,1,0,0,0,0,0
20105,0,0,0,1,0,0,0
20106,0,0,0,0,0,0,0
20107,0,0,0,0,1,0,0
20108,0,1,0,0,0,0,0
20109,0,0,0,0,0,0,0
20110,0,1,0,0,0,0,0
20111,1,0,1,0,0,1,0
20112,0,1,0,0,0,1,1
20113,1,0,0,0,0,0,0
20114,1,0,0,0,0,1,0
20115,1,0,1,1,0,0,0
20116,0,0,0,0,0,0,0
20117,0,1,0,0,1,0,0
20118,0,0,0,0,0,0,1
20119,0,0,0,0,0,1,0
20120,0,0,0,0,0,0,0
20121,1,0,0,0,0,0,0
20122,0,0,0,0,0,0,0
20123,0,0,0,0,1,0,0
20124,0,0,0,0,1,1,0
20125,0,0,0,0,0,1,0
20126,1,1,1,0,1,1,0
20127,0,0,1,1,0,0,0
20128,1,0,0,0,1,0,0
20129,0,0,0,0,0,0,0
20130,0,0,1,0,0,0,0
20131,0,0,0,1,0,0,0
20132,0,0,0,0,0,0,0
20133,0,0,0,0,0,0,0
20134,0,0,0,0,0,0,0
21002,0,1,0,0,0,0,0
21003,0,0,0,1,0,1,0
21004,1,0,0,1,0,0,0
21005,0,1,0,0,0,1,0
21006,0,0,0,0,1,0,0
21007,0,0,0,0,0,0,0
21008,1,0,1,0,0,0,1
21009,0,0,0,0,0,0,0
21010,0,0,0,0,0,0,0
21011,0,0,0,0,0,0,0
21012,0,0,0,1,0,0,0
21013,0,0,0,0,0,1,0
21014,0,0,0,0,0,0,0
21015,1,0,0,0,0,0,1
21016,0,0,1,0,0,0,1
21017,0,0,0,0,0,0,0
21018,0,0,0,0,0,0,0
21019,0,0,1,0,0,0,0
21020,1,0,0,0,0,0,0
21021,0,1,0,0,0,1,0
21022,0,0,0,1,1,0,0
21023,0,0,0,0,1,1,0
21024,0,1,1,0,0,0,0
21025,0,0,0,0,0,1,0
21026,0,0,0,0,0,0,0
21027,0,1,0,0,0,0,0
21028,0,0,0,0,0,1,0
21029,0,0,0,0,0,0,0
21030,0,0,0,0,0,1,0
21031,0,0,1,0,0,0,0
21032,0,0,0,0,0,1,0
21033,0,1,0,0,0,0,0
21034,0,0,0,1,0,0,0
21035,0,0,0,1,0,0,0
21036,0,0,0,0,0,0,0
21037,0,0,1,0,1,0,0
21038,0,1,0,0,0,0,0
21039,0,0,0,0,0,1,0
21040,1,0,0,0,0,0,0
21041,0,0,0,1,1,0,0
21042,0,0,0,0,0,0,0
21043,0,0,0,0,0,0,0
21044,0,0,1,0,0,0,0
21045,0,0,0,0,0,0,0
21046,0,0,1,0,0,0,0
21047,1,0,0,0,1,0,0
21048,0,0,0,0,0,0,0
21049,0,0,1,0,0,0,0
21050,0,0,0,0,1,0,0
21051,0,0,0,0,0,0,0
21052,0,0,0,0,0,0,0
21053,1,1,0,0,0,1,0
21054,0,0,0,0,0,1,0
21055,1,1,1,0,0,0,0
21056,0,0,0,0,0,0,0
21057,0,0,0,0,1,0,0
21058,0,0,0,0,0,0,0
21059,1,1,0,1,0,0,0
21060,0,0,0,1,0,1,0
21061,0,0,0,1,0,0,0
21062,0,0,0,1,0,0,1
21063,1,0,0,0,0,0,0
21064,0,0,0,1,0,0,0
21065,0,0,0,0,0,0,0
21066,0,0,0,0,0,0,0
21067,0,0,0,0,0,0,0
21068,0,0,0,1,0,0,0
21069,0,0,0,0,0,0,0
21070,0,0,0,0,1,0,0
21071,1,0,0,0,0,0,0
21072,0,0,0,0,0,0,0
21073,0,0,0,0,0,0,0
21074,0,1,0,0,0,0,0
21075,0,0,1,0,0,0,0
21076,0,1,0,0,0,0,0
21077,0,0,1,1,0,0,0
21078,1,0,0,0,0,0,0
21079,0,0,0,0,1,0,0
21080,0,0,0,0,1,0,0
21081,0,0,0,0,0,0,0
21082,0,0,0,0,1,0,0
21083,1,0,0,0,0,0,0
21084,1,0,0,0,0,0,0
21085,1,1,0,0,0,0,0
21086,0,0,0,0,0,0,0
21087,1,0,0,1,1,0,0
21088,0,0,0,1,1,0,0
21089,0,1,0,0,0,0,0
21090,0,1,1,0,0,0,0
21091,0,0,0,0,1,0,0
21092,0,0,0,0,0,0,0
21093,0,0,0,0,0,1,0
21094,0,0,0,0,1,0,0
21095,0,1,0,0,1,1,0
21096,0,1,0,0,0,0,0
21097,1,0,0,0,0,1,0
21098,0,0,1,0,0,0,0
21099,0,0,1,0,0,0,0
21100,0,1,1,0,0,0,0
21101,0,0,0,0,0,1,0
21102,1,0,0,1,0,0,0
21103,0,0,1,0,0,1,0
21104,0,0,0,0,0,1,0
21105,0,0,0,0,0,0,0
21106,0,0,1,0,0,1,0
21107,0,0,0,0,0,0,0
21108,0,0,0,0,0,0,0
21109,0,0,0,1,1,0,0
21110,0,0,0,0,0,1,0
21111,0,0,0,1,0,0,0
21112,0,0,0,0,1,0,0
21113,1,0,0,0,1,0,0
21114,0,1,0,0,1,0,0
21115,0,0,0,0,0,0,0
21116,0,0,0,1,0,1,1
21117,0,0,0,0,0,0,0
21118,0,0,0,0,1,0,0
21119,0,0,0,0,0,0,0
21120,1,0,0,0,0,0,0
21121,0,0,0,0,0,0,0
21122,0,0,0,0,0,1,0
21123,0,0,1,0,0,1,0
21124,0,0,0,0,0,0,0
21125,0,1,0,0,1,0,0
21126,0,0,0,0,1,0,0
21127,0,0,0,0,0,0,0
21128,0,0,0,0,0,0,0
21129,0,0,0,0,0,0,0
21130,1,0,0,0,0,1,0
21131,0,1,0,1,0,0,0
21132,0,0,0,0,0,0,0
21133,0,0,0,1,0,0,0
21134,0,0,0,0,1,1,0
21135,0,0,0,0,0,0,0
21136,0,0,0,0,0,0,0
21137,0,0,0,0,0,0,0
21138,0,0,0,0,0,0,0
21139,0,0,0,0,1,0,0
21140,0,1,0,0,1,0,0
21141,0,0,0,0,0,0,0
21142,1,0,0,0,0,0,0
21143,0,1,0,0,0,1,0
21144,0,0,0,0,0,1,0
21145,0,0,0,1,0,0,0
21146,0,0,0,0,0,0,0
21147,0,1,0,0,0,0,0
21148,0,0,0,0,0,0,0
21149,0,0,0,0,0,0,0
21150,0,0,0,0,1,0,0
22002,1,0,0,0,1,0,0
22003,0,0,0,0,0,1,0
22004,0,0,0,0,0,0,0
22005,0,1,1,0,0,0,0
22006,0,0,0,0,0,0,0
22007,0,0,0,0,0,0,0
22008,0,0,0,1,0,0,0
22009,1,0,0,1,0,0,0
22010,0,0,0,0,0,0,0
22011,0,0,0,0,0,0,0
22012,0,0,0,0,0,1,0
22013,1,1,0,0,0,0,0
22014,0,0,1,0,0,0,0
22015,0,0,0,0,0,1,0
22016,0,0,0,0,0,0,0
22017,0,0,0,0,0,0,1
22018,0,1,0,0,0,1,0
22019,0,1,1,0,0,0,0
22020,0,1,0,0,0,1,0
22021,0,0,0,0,0,0,0
22022,1,1,1,0,0,0,1
22023,0,0,1,0,0,0,0
22024,0,0,0,0,0,0,0
22025,0,0,0,1,1,0,0
22026,0,0,1,1,0,0,0
22027,0,0,0,0,0,0,0
22028,0,0,1,0,0,0,0
22029,0,0,0,0,0,0,1
22030,0,0,0,0,0,0,0
22031,0,0,0,1,0,0,0
22032,1,0,0,0,0,0,1
22033,0,0,0,1,0,0,0
22034,0,1,1,0,0,0,0
22035,0,1,0,0,1,0,0
22036,0,0,0,0,0,0,0
22037,0,1,0,0,0,0,0
22038,0,0,0,0,0,0,0
22039,1,0,1,0,1,0,0
22040,0,0,0,0,0,0,0
22041,0,0,0,1,0,1,0
